polyline_index,unused_col,x,y
0,0,315,5
0,0,314,6
0,0,313,6
0,0,312,6
0,0,311,6
0,0,310,6
0,0,309,6
0,0,308,6
0,0,307,6
0,0,306,6
0,0,305,6
0,0,304,6
0,0,303,6
0,0,302,7
0,0,301,7
0,0,300,7
0,0,299,7
0,0,298,7
0,0,297,7
0,0,296,7
0,0,295,7
0,0,294,7
0,0,293,8
0,0,292,8
0,0,291,8
0,0,290,8
0,0,289,8
0,0,288,8
0,0,287,8
0,0,286,9
0,0,285,9
0,0,284,9
0,0,283,9
0,0,282,9
0,0,281,9
0,0,280,10
0,0,279,10
0,0,278,10
0,0,277,10
0,0,276,10
0,0,275,11
0,0,274,11
0,0,273,11
0,0,272,11
0,0,271,11
0,0,270,12
0,0,269,12
0,0,268,12
0,0,267,12
0,0,266,12
0,0,265,13
0,0,264,13
0,0,263,13
0,0,262,13
0,0,261,14
0,0,260,14
0,0,259,14
0,0,258,14
0,0,257,15
0,0,256,15
0,0,255,15
0,0,254,16
0,0,253,16
0,0,252,16
0,0,251,16
0,0,250,17
0,0,249,17
0,0,248,17
0,0,247,18
0,0,246,18
0,0,245,18
0,0,244,18
0,0,243,19
0,0,242,19
0,0,241,20
0,0,240,20
0,0,239,20
0,0,238,21
0,0,237,21
0,0,236,21
0,0,235,22
0,0,234,22
0,0,233,22
0,0,232,23
0,0,231,23
0,0,230,24
0,0,229,24
0,0,228,24
0,0,227,25
0,0,226,25
0,0,225,25
0,0,224,26
0,0,223,27
0,0,222,27
0,0,221,27
0,0,220,28
0,0,219,28
0,0,218,28
0,0,217,29
0,0,216,30
0,0,215,30
0,0,214,31
0,0,213,31
0,0,212,32
0,0,211,32
0,0,210,33
0,0,209,33
0,0,208,34
0,0,207,34
0,0,206,35
0,0,205,35
0,0,204,36
0,0,203,36
0,0,202,37
0,0,201,37
0,0,200,38
0,0,199,38
0,0,198,39
0,0,197,40
0,0,196,40
0,0,195,41
0,0,194,41
0,0,193,42
0,0,192,43
0,0,191,43
0,0,190,44
0,0,189,44
0,0,188,45
0,0,187,46
0,0,186,46
0,0,185,47
0,0,184,48
0,0,183,48
0,0,182,49
0,0,181,50
0,0,180,50
0,0,179,51
0,0,178,52
0,0,177,53
0,0,176,53
0,0,175,54
0,0,174,55
0,0,173,55
0,0,172,56
0,0,171,57
0,0,170,58
0,0,169,58
0,0,168,59
0,0,167,60
0,0,166,61
0,0,165,62
0,0,164,62
0,0,163,63
0,0,162,64
0,0,161,65
0,0,160,66
0,0,159,66
0,0,158,67
0,0,157,68
0,0,156,69
0,0,155,70
0,0,154,71
0,0,153,72
0,0,152,73
0,0,151,74
0,0,150,74
0,0,149,75
0,0,148,76
0,0,147,77
0,0,146,78
0,0,145,79
0,0,144,80
0,0,143,81
0,0,142,82
0,0,141,83
0,0,140,84
0,0,139,85
0,0,138,86
0,0,138,87
0,0,137,88
0,0,136,89
0,0,135,90
0,0,134,91
0,0,133,92
0,0,132,93
0,0,131,94
0,0,131,95
0,0,130,96
0,0,129,97
0,0,128,98
0,0,127,99
0,0,126,100
0,0,126,101
0,0,125,102
0,0,124,103
0,0,123,104
0,0,123,105
0,0,122,106
0,0,121,107
0,0,120,108
0,0,120,109
0,0,119,110
0,0,118,111
0,0,117,112
0,0,117,113
0,0,116,114
0,0,115,115
0,0,115,116
0,0,114,117
0,0,113,118
0,0,113,119
0,0,112,120
0,0,111,121
0,0,111,122
0,0,110,123
0,0,109,124
0,0,109,125
0,0,108,126
0,0,107,127
0,0,107,128
0,0,106,129
0,0,106,130
0,0,105,131
0,0,104,132
0,0,104,133
0,0,103,134
0,0,103,135
0,0,102,136
0,0,102,137
0,0,101,138
0,0,101,139
0,0,100,140
0,0,100,141
0,0,99,142
0,0,99,143
0,0,98,144
0,0,98,145
0,0,97,146
0,0,97,147
0,0,96,148
0,0,96,149
0,0,95,150
0,0,95,151
0,0,94,152
0,0,94,153
0,0,93,154
0,0,93,155
0,0,92,156
0,0,91,157
0,0,91,158
0,0,91,159
0,0,90,160
0,0,90,161
0,0,90,162
0,0,89,163
0,0,88,164
0,0,88,165
0,0,88,166
0,0,87,167
0,0,87,168
0,0,87,169
0,0,86,170
0,0,86,171
0,0,85,172
0,0,85,173
0,0,85,174
0,0,84,175
0,0,84,176
0,0,84,177
0,0,83,178
0,0,83,179
0,0,82,180
0,0,82,181
0,0,82,182
0,0,81,183
0,0,81,184
0,0,81,185
0,0,80,186
0,0,80,187
0,0,80,188
0,0,79,189
0,0,79,190
0,0,79,191
0,0,79,192
0,0,78,193
0,0,78,194
0,0,78,195
0,0,77,196
0,0,77,197
0,0,77,198
0,0,77,199
0,0,76,200
0,0,76,201
0,0,76,202
0,0,76,203
0,0,75,204
0,0,75,205
0,0,75,206
0,0,75,207
0,0,74,208
0,0,74,209
0,0,74,210
0,0,74,211
0,0,73,212
0,0,73,213
0,0,73,214
0,0,73,215
0,0,72,216
0,0,72,217
0,0,72,218
0,0,72,219
0,0,72,220
0,0,71,221
0,0,71,222
0,0,71,223
0,0,71,224
0,0,71,225
0,0,71,226
0,0,70,227
0,0,70,228
0,0,70,229
0,0,70,230
0,0,70,231
0,0,70,232
0,0,69,233
0,0,69,234
0,0,69,235
0,0,69,236
0,0,69,237
0,0,69,238
0,0,69,239
0,0,68,240
0,0,68,241
0,0,68,242
0,0,68,243
0,0,68,244
0,0,68,245
0,0,68,246
0,0,68,247
0,0,67,248
0,0,67,249
0,0,67,250
0,0,67,251
0,0,67,252
0,0,67,253
0,0,67,254
0,0,67,255
0,0,67,256
0,0,67,257
0,0,67,258
0,0,67,259
0,0,66,260
0,0,66,261
0,0,66,262
0,0,66,263
0,0,66,264
0,0,66,265
0,0,66,266
0,0,66,267
0,0,66,268
0,0,66,269
0,0,66,270
0,0,66,271
0,0,66,272
0,0,66,273
0,0,66,274
0,0,66,275
0,0,66,276
0,0,66,277
0,0,66,278
0,0,66,279
0,0,66,280
0,0,66,281
0,0,66,282
0,0,66,283
0,0,65,284
0,0,65,285
0,0,65,286
0,0,65,287
0,0,65,288
0,0,65,289
0,0,66,290
0,0,66,291
0,0,66,292
0,0,66,293
0,0,66,294
0,0,66,295
0,0,66,296
0,0,66,297
0,0,66,298
0,0,66,299
0,0,66,300
0,0,66,301
0,0,66,302
0,0,66,303
0,0,66,304
0,0,66,305
0,0,66,306
0,0,66,307
0,0,66,308
0,0,66,309
0,0,66,310
0,0,66,311
0,0,66,312
0,0,66,313
0,0,66,314
0,0,66,315
0,0,66,316
0,0,67,317
0,0,67,318
0,0,67,319
0,0,67,320
0,0,67,321
0,0,67,322
0,0,67,323
0,0,67,324
0,0,67,325
0,0,67,326
0,0,67,327
0,0,67,328
0,0,67,329
0,0,67,330
0,0,67,331
0,0,68,332
0,0,68,333
0,0,68,334
0,0,68,335
0,0,68,336
0,0,68,337
0,0,68,338
0,0,68,339
0,0,68,340
0,0,68,341
0,0,68,342
0,0,69,343
0,0,69,344
0,0,69,345
0,0,69,346
0,0,69,347
0,0,69,348
0,0,69,349
0,0,69,350
0,0,69,351
0,0,70,352
0,0,70,353
0,0,70,354
0,0,70,355
0,0,70,356
0,0,70,357
0,0,70,358
0,0,70,359
0,0,71,360
0,0,71,361
0,0,71,362
0,0,71,363
0,0,71,364
0,0,71,365
0,0,71,366
0,0,71,367
0,0,72,368
0,0,72,369
0,0,72,370
0,0,72,371
0,0,72,372
0,0,72,373
0,0,72,374
0,0,73,375
0,0,73,376
0,0,73,377
0,0,73,378
0,0,73,379
0,0,73,380
0,0,74,381
0,0,74,382
0,0,74,383
0,0,74,384
0,0,74,385
0,0,74,386
0,0,75,387
0,0,75,388
0,0,75,389
0,0,75,390
0,0,75,391
0,0,75,392
0,0,76,393
0,0,76,394
0,0,76,395
0,0,76,396
0,0,76,397
0,0,76,398
0,0,77,399
0,0,77,400
0,0,77,401
0,0,77,402
0,0,77,403
0,0,77,404
0,0,78,405
0,0,78,406
0,0,78,407
0,0,78,408
0,0,78,409
0,0,79,410
0,0,79,411
0,0,79,412
0,0,79,413
0,0,79,414
0,0,80,415
0,0,80,416
0,0,80,417
0,0,80,418
0,0,80,419
0,0,80,420
0,0,81,421
0,0,81,422
0,0,81,423
0,0,81,424
0,0,81,425
0,0,82,426
0,0,82,427
0,0,82,428
0,0,82,429
0,0,82,430
0,0,83,431
0,0,83,432
0,0,83,433
0,0,83,434
0,0,84,435
0,0,84,436
0,0,84,437
0,0,84,438
0,0,84,439
0,0,85,440
0,0,85,441
0,0,85,442
0,0,85,443
0,0,85,444
0,0,86,445
0,0,86,446
0,0,86,447
0,0,86,448
0,0,87,449
0,0,87,450
0,0,87,451
0,0,87,452
0,0,87,453
0,0,88,454
0,0,88,455
0,0,88,456
0,0,88,457
0,0,89,458
0,0,89,459
0,0,89,460
0,0,89,461
0,0,90,462
0,0,90,463
0,0,90,464
0,0,90,465
0,0,90,466
0,0,91,467
0,0,91,468
0,0,91,469
0,0,91,470
0,0,92,471
0,0,92,472
0,0,92,473
0,0,92,474
0,0,93,475
0,0,93,476
0,0,93,477
0,0,93,478
0,0,94,479
0,0,94,480
0,0,94,481
0,0,94,482
0,0,95,483
0,0,95,484
0,0,95,485
0,0,95,486
0,0,96,487
0,0,96,488
0,0,96,489
0,0,97,490
0,0,97,491
0,0,97,492
0,0,97,493
0,0,98,494
0,0,98,495
0,0,98,496
0,0,98,497
0,0,99,498
0,0,99,499
0,0,99,500
0,0,100,501
0,0,100,502
0,0,100,503
0,0,100,504
0,0,101,505
0,0,101,506
0,0,101,507
0,0,102,508
0,0,102,509
0,0,102,510
0,0,102,511
0,0,103,512
0,0,103,513
0,0,103,514
0,0,104,515
0,0,104,516
0,0,104,517
0,0,105,518
0,0,105,519
0,0,105,520
0,0,105,521
0,0,106,522
0,0,106,523
0,0,106,524
0,0,107,525
0,0,107,526
0,0,107,527
0,0,108,528
0,0,108,529
0,0,108,530
0,0,109,531
0,0,109,532
0,0,109,533
0,0,110,534
0,0,110,535
0,0,110,536
0,0,111,537
0,0,111,538
0,0,111,539
0,0,112,540
0,0,112,541
0,0,112,542
0,0,113,543
0,0,113,544
0,0,113,545
0,0,114,546
0,0,114,547
0,0,114,548
0,0,115,549
0,0,115,550
0,0,115,551
0,0,116,552
0,0,116,553
0,0,116,554
0,0,117,555
0,0,117,556
0,0,117,557
0,0,118,558
0,0,118,559
0,0,118,560
0,0,119,561
0,0,119,562
0,0,120,563
0,0,120,564
0,0,120,565
0,0,121,566
0,0,121,567
0,0,121,568
0,0,122,569
0,0,122,570
0,0,122,571
0,0,123,572
0,0,123,573
0,0,124,574
0,0,124,575
0,0,124,576
0,0,125,577
0,0,125,578
0,0,126,579
0,0,126,580
0,0,126,581
0,0,127,582
0,0,127,583
0,0,127,584
0,0,128,585
0,0,128,586
0,0,129,587
0,0,129,588
0,0,129,589
0,0,130,590
0,0,130,591
0,0,131,592
0,0,131,593
0,0,131,594
0,0,132,595
0,0,132,596
0,0,133,597
0,0,133,598
0,0,133,599
0,0,134,600
0,0,134,601
0,0,134,602
0,0,135,603
0,0,136,604
0,0,136,605
0,0,136,606
0,0,137,607
0,0,137,608
0,0,137,609
0,0,138,610
0,0,139,611
0,0,139,612
0,0,139,613
0,0,140,614
0,0,140,615
0,0,140,616
0,0,141,617
0,0,142,618
0,0,142,619
0,0,142,620
0,0,143,621
0,0,143,622
0,0,143,623
0,0,144,624
0,0,145,625
0,0,145,626
0,0,146,627
0,0,146,628
0,0,146,629
0,0,147,630
0,0,147,631
0,0,147,632
0,0,148,633
0,0,149,634
0,0,149,635
0,0,150,636
0,0,150,637
0,0,151,638
0,0,151,639
0,0,152,640
0,0,152,641
0,0,152,642
0,0,153,643
0,0,153,644
0,0,153,645
0,0,154,646
0,0,155,647
0,0,155,648
0,0,156,649
0,0,156,650
0,0,157,651
0,0,157,652
0,0,158,653
0,0,158,654
0,0,159,655
0,0,159,656
0,0,160,657
0,0,160,658
0,0,161,659
0,0,161,660
0,0,162,661
0,0,162,662
0,0,163,663
0,0,163,664
0,0,164,665
0,0,164,666
0,0,165,667
0,0,165,668
0,0,166,669
0,0,166,670
0,0,167,671
0,0,167,672
0,0,168,673
0,0,168,674
0,0,169,675
0,0,169,676
0,0,170,677
0,0,170,678
0,0,171,679
0,0,171,680
0,0,172,681
0,0,172,682
0,0,173,683
0,0,174,684
0,0,174,685
0,0,175,686
0,0,175,687
0,0,176,688
0,0,176,689
0,0,177,690
0,0,177,691
0,0,178,692
0,0,178,693
0,0,179,694
0,0,179,695
0,0,180,696
0,0,181,697
0,0,181,698
0,0,182,699
0,0,182,700
0,0,183,701
0,0,183,702
0,0,184,703
0,0,185,704
0,0,185,705
0,0,186,706
0,0,186,707
0,0,187,708
0,0,187,709
0,0,188,710
0,0,189,711
0,0,189,712
0,0,190,713
0,0,190,714
0,0,191,715
0,0,191,716
0,0,192,717
0,0,193,718
0,0,193,719
0,0,194,720
0,0,195,721
0,0,195,722
0,0,196,723
0,0,196,724
0,0,197,725
0,0,198,726
0,0,198,727
0,0,199,728
0,0,200,729
0,0,200,730
0,0,201,731
0,0,201,732
0,0,202,733
0,0,203,734
0,0,203,735
0,0,204,736
0,0,205,737
0,0,205,738
0,0,206,739
0,0,207,740
0,0,207,741
0,0,208,742
0,0,208,743
0,0,209,744
0,0,210,745
0,0,210,746
0,0,211,747
0,0,210,748
0,0,209,749
0,0,208,750
0,0,207,750
0,0,206,751
0,0,205,751
0,0,204,751
0,0,203,752
0,0,202,752
0,0,201,752
0,0,200,753
0,0,199,754
0,0,198,754
0,0,197,755
0,0,196,755
0,0,195,756
0,0,194,756
0,0,193,757
0,0,192,757
0,0,191,758
0,0,190,758
0,0,189,759
0,0,188,759
0,0,187,760
0,0,186,760
0,0,185,761
0,0,184,761
0,0,183,762
0,0,182,762
0,0,181,763
0,0,180,763
0,0,179,764
0,0,178,764
0,0,177,765
0,0,176,765
0,0,175,766
0,0,174,766
0,0,173,767
0,0,172,767
0,0,171,768
0,0,170,768
0,0,169,769
0,0,168,769
0,0,167,770
0,0,166,770
0,0,165,771
0,0,164,771
0,0,163,772
0,0,162,772
0,0,161,773
0,0,160,773
0,0,159,774
0,0,158,774
0,0,157,775
0,0,156,776
0,0,155,776
0,0,154,777
0,0,153,777
0,0,152,778
0,0,151,778
0,0,150,779
0,0,149,779
0,0,148,780
0,0,147,780
0,0,146,781
0,0,145,782
0,0,144,782
0,0,143,783
0,0,142,783
0,0,141,784
0,0,140,784
0,0,139,785
0,0,138,786
0,0,137,786
0,0,136,787
0,0,135,787
0,0,134,788
0,0,133,789
0,0,132,789
0,0,131,790
0,0,130,790
0,0,129,791
0,0,128,792
0,0,127,792
0,0,126,793
0,0,125,793
0,0,124,794
0,0,123,795
0,0,122,795
0,0,121,796
0,0,120,797
0,0,119,797
0,0,118,798
0,0,117,798
0,0,116,799
0,0,115,800
0,0,114,800
0,0,113,801
0,0,112,802
0,0,111,802
0,0,110,803
0,0,109,804
0,0,108,804
0,0,107,805
0,0,106,806
0,0,105,806
0,0,104,807
0,0,103,808
0,0,102,808
0,0,101,809
0,0,100,810
0,0,99,811
0,0,98,811
0,0,97,812
0,0,96,813
0,0,95,813
0,0,94,814
0,0,93,815
0,0,92,815
0,0,91,816
0,0,90,817
0,0,89,818
0,0,88,818
0,0,87,819
0,0,86,820
0,0,85,821
0,0,84,821
0,0,83,822
0,0,82,823
0,0,81,824
0,0,80,824
0,0,79,825
0,0,78,826
0,0,77,827
0,0,76,828
0,0,75,828
0,0,74,829
0,0,73,830
0,0,72,831
0,0,71,832
0,0,70,832
0,0,69,833
0,0,68,834
0,0,67,835
0,0,66,836
0,0,65,837
0,0,64,838
0,0,63,838
0,0,62,839
0,0,61,840
0,0,60,841
0,0,59,842
0,0,58,843
0,0,57,844
0,0,56,845
0,0,55,846
0,0,54,847
0,0,53,847
0,0,52,848
0,0,51,849
0,0,50,850
0,0,49,851
0,0,48,852
0,0,47,853
0,0,46,854
0,0,45,855
0,0,44,856
0,0,44,857
0,0,43,858
0,0,42,859
0,0,41,860
0,0,40,861
0,0,39,862
0,0,38,863
0,0,37,864
0,0,36,865
0,0,36,866
0,0,35,867
0,0,34,868
0,0,33,869
0,0,32,870
0,0,31,871
0,0,31,872
0,0,30,873
0,0,29,874
0,0,28,875
0,0,28,876
0,0,27,877
0,0,26,878
0,0,26,879
0,0,25,880
0,0,24,881
0,0,23,882
0,0,23,883
0,0,22,884
0,0,21,885
0,0,21,886
0,0,20,887
0,0,20,888
0,0,19,889
0,0,18,890
0,0,18,891
0,0,17,892
0,0,17,893
0,0,16,894
0,0,16,895
0,0,15,896
0,0,15,897
0,0,14,898
0,0,13,899
0,0,13,900
0,0,13,901
0,0,12,902
0,0,12,903
0,0,12,904
0,0,11,905
0,0,11,906
0,0,10,907
0,0,10,908
0,0,10,909
0,0,9,910
0,0,9,911
0,0,9,912
0,0,8,913
0,0,8,914
0,0,8,915
0,0,8,916
0,0,7,917
0,0,7,918
0,0,7,919
0,0,7,920
0,0,7,921
0,0,6,922
0,0,6,923
0,0,6,924
0,0,6,925
0,0,6,926
0,0,6,927
0,0,6,928
0,0,5,929
0,0,5,930
0,0,5,931
0,0,5,932
0,0,5,933
0,0,5,934
0,0,5,935
0,0,5,936
0,0,5,937
0,0,6,938
0,0,6,939
0,0,6,940
0,0,6,941
0,0,6,942
0,0,6,943
0,0,7,944
0,0,7,945
0,0,7,946
0,0,7,947
0,0,7,948
0,0,8,949
0,0,8,950
0,0,8,951
0,0,8,952
0,0,9,953
0,0,9,954
0,0,9,955
0,0,10,956
0,0,11,957
0,0,11,958
0,0,12,959
0,0,12,960
0,0,13,961
0,0,13,962
0,0,14,963
0,0,14,964
0,0,15,965
0,0,15,966
0,0,16,967
0,0,17,968
0,0,17,969
0,0,18,970
0,0,19,971
0,0,20,972
0,0,20,973
0,0,21,974
0,0,22,975
0,0,23,976
0,0,24,977
0,0,25,978
0,0,26,979
0,0,27,980
0,0,28,981
0,0,29,982
0,0,30,983
0,0,31,983
0,0,32,984
0,0,33,985
0,0,34,986
0,0,35,987
0,0,36,987
0,0,37,988
0,0,38,989
0,0,39,989
0,0,40,990
0,0,41,991
0,0,42,991
0,0,43,992
0,0,44,993
0,0,45,993
0,0,46,994
0,0,47,994
0,0,48,995
0,0,49,996
0,0,50,996
0,0,51,997
0,0,52,997
0,0,53,998
0,0,54,998
0,0,55,999
0,0,56,999
0,0,57,1000
0,0,58,1001
0,0,59,1001
0,0,60,1001
0,0,61,1001
0,0,62,1002
0,0,63,1002
0,0,64,1003
0,0,65,1004
0,0,66,1004
0,0,67,1004
0,0,68,1004
0,0,69,1005
0,0,70,1005
0,0,71,1006
0,0,72,1006
0,0,73,1006
0,0,74,1007
0,0,75,1007
0,0,76,1007
0,0,77,1008
0,0,78,1008
0,0,79,1008
0,0,80,1009
0,0,81,1009
0,0,82,1009
0,0,83,1010
0,0,84,1010
0,0,85,1010
0,0,86,1011
0,0,87,1011
0,0,88,1011
0,0,89,1012
0,0,90,1012
0,0,91,1012
0,0,92,1013
0,0,93,1013
0,0,94,1013
0,0,95,1014
0,0,96,1014
0,0,97,1014
0,0,98,1014
0,0,99,1015
0,0,100,1015
0,0,101,1015
0,0,102,1015
0,0,103,1016
0,0,104,1016
0,0,105,1016
0,0,106,1016
0,0,107,1017
0,0,108,1017
0,0,109,1017
0,0,110,1017
0,0,111,1017
0,0,112,1018
0,0,113,1018
0,0,114,1018
0,0,115,1018
0,0,116,1018
0,0,117,1019
0,0,118,1019
0,0,119,1019
0,0,120,1019
0,0,121,1019
0,0,122,1020
0,0,123,1020
0,0,124,1020
0,0,125,1020
0,0,126,1020
0,0,127,1021
0,0,128,1021
0,0,129,1021
0,0,130,1021
0,0,131,1021
0,0,132,1021
0,0,133,1022
0,0,134,1022
0,0,135,1022
0,0,136,1022
0,0,137,1022
0,0,138,1022
0,0,139,1023
0,0,140,1023
0,0,141,1023
0,0,142,1023
0,0,143,1023
0,0,144,1023
0,0,145,1023
0,0,146,1023
0,0,147,1024
0,0,148,1024
0,0,149,1024
0,0,150,1024
0,0,151,1024
0,0,152,1024
0,0,153,1024
0,0,154,1024
0,0,155,1024
0,0,156,1025
0,0,157,1025
0,0,158,1025
0,0,159,1025
0,0,160,1025
0,0,161,1025
0,0,162,1025
0,0,163,1025
0,0,164,1025
0,0,165,1025
0,0,166,1025
0,0,167,1026
0,0,168,1026
0,0,169,1026
0,0,170,1026
0,0,171,1026
0,0,172,1026
0,0,173,1026
0,0,174,1026
0,0,175,1026
0,0,176,1026
0,0,177,1026
0,0,178,1026
0,0,179,1026
0,0,180,1026
0,0,181,1027
0,0,182,1027
0,0,183,1027
0,0,184,1027
0,0,185,1027
0,0,186,1027
0,0,187,1027
0,0,188,1027
0,0,189,1027
0,0,190,1027
0,0,191,1027
0,0,192,1027
0,0,193,1027
0,0,194,1027
0,0,195,1027
0,0,196,1027
0,0,197,1027
0,0,198,1027
0,0,199,1027
0,0,200,1027
0,0,201,1027
0,0,202,1027
0,0,203,1027
0,0,204,1027
0,0,205,1028
0,0,206,1028
0,0,207,1028
0,0,208,1028
0,0,209,1028
0,0,210,1028
0,0,211,1028
0,0,212,1028
0,0,213,1028
0,0,214,1028
0,0,215,1028
0,0,216,1028
0,0,217,1028
0,0,218,1028
0,0,219,1028
0,0,220,1028
0,0,221,1028
0,0,222,1028
0,0,223,1028
0,0,224,1028
0,0,225,1028
0,0,226,1028
0,0,227,1028
0,0,228,1028
0,0,229,1028
0,0,230,1028
0,0,231,1028
0,0,232,1028
0,0,233,1028
0,0,234,1028
0,0,235,1028
0,0,236,1028
0,0,237,1028
0,0,238,1028
0,0,239,1028
0,0,240,1028
0,0,241,1028
0,0,242,1028
0,0,243,1028
0,0,244,1027
0,0,245,1027
0,0,246,1027
0,0,247,1027
0,0,248,1027
0,0,249,1027
0,0,250,1027
0,0,251,1027
0,0,252,1027
0,0,253,1027
0,0,254,1027
0,0,255,1027
0,0,256,1027
0,0,257,1027
0,0,258,1027
0,0,259,1027
0,0,260,1027
0,0,261,1027
0,0,262,1027
0,0,263,1027
0,0,264,1027
0,0,265,1027
0,0,266,1027
0,0,267,1027
0,0,268,1027
0,0,269,1027
0,0,270,1027
0,0,271,1026
0,0,272,1026
0,0,273,1026
0,0,274,1026
0,0,275,1026
0,0,276,1026
0,0,277,1026
0,0,278,1026
0,0,279,1026
0,0,280,1026
0,0,281,1026
0,0,282,1026
0,0,283,1026
0,0,284,1026
0,0,285,1026
0,0,286,1026
0,0,287,1025
0,0,288,1025
0,0,289,1025
0,0,290,1025
0,0,291,1025
0,0,292,1025
0,0,293,1025
0,0,294,1025
0,0,295,1025
0,0,296,1025
0,0,297,1025
0,0,298,1025
0,0,299,1025
0,0,300,1024
0,0,301,1024
0,0,302,1024
0,0,303,1024
0,0,304,1024
0,0,305,1024
0,0,306,1024
0,0,307,1024
0,0,308,1024
0,0,309,1024
0,0,310,1024
0,0,311,1023
0,0,312,1023
0,0,313,1023
0,0,314,1023
0,0,315,1023
0,0,316,1023
0,0,317,1023
0,0,318,1023
0,0,319,1023
0,0,320,1023
0,0,321,1022
0,0,322,1022
0,0,323,1022
0,0,324,1022
0,0,325,1022
0,0,326,1022
0,0,327,1022
0,0,328,1022
0,0,329,1022
0,0,330,1021
0,0,331,1021
0,0,332,1021
0,0,333,1021
0,0,334,1021
0,0,335,1021
0,0,336,1021
0,0,337,1021
0,0,338,1020
0,0,339,1020
0,0,340,1020
0,0,341,1020
0,0,342,1020
0,0,343,1020
0,0,344,1020
0,0,345,1020
0,0,346,1019
0,0,347,1019
0,0,348,1019
0,0,349,1019
0,0,350,1019
0,0,351,1019
0,0,352,1019
0,0,353,1019
0,0,354,1018
0,0,355,1018
0,0,356,1018
0,0,357,1018
0,0,358,1018
0,0,359,1018
0,0,360,1018
0,0,361,1017
0,0,362,1017
0,0,363,1017
0,0,364,1017
0,0,365,1017
0,0,366,1017
0,0,367,1017
0,0,368,1016
0,0,369,1016
0,0,370,1016
0,0,371,1016
0,0,372,1016
0,0,373,1016
0,0,374,1015
0,0,375,1015
0,0,376,1015
0,0,377,1015
0,0,378,1015
0,0,379,1015
0,0,380,1014
0,0,381,1014
0,0,382,1014
0,0,383,1014
0,0,384,1014
0,0,385,1014
0,0,386,1013
0,0,387,1013
0,0,388,1013
0,0,389,1013
0,0,390,1013
0,0,391,1013
0,0,392,1012
0,0,393,1012
0,0,394,1012
0,0,395,1012
0,0,396,1012
0,0,397,1012
0,0,398,1011
0,0,399,1011
0,0,400,1011
0,0,401,1011
0,0,402,1011
0,0,403,1010
0,0,404,1010
0,0,405,1010
0,0,406,1010
0,0,407,1010
0,0,408,1009
0,0,409,1009
0,0,410,1009
0,0,411,1009
0,0,412,1009
0,0,413,1008
0,0,414,1008
0,0,415,1008
0,0,416,1008
0,0,417,1008
0,0,418,1007
0,0,419,1007
0,0,420,1007
0,0,421,1007
0,0,422,1007
0,0,423,1006
0,0,424,1006
0,0,425,1006
0,0,426,1006
0,0,427,1006
0,0,428,1005
0,0,429,1005
0,0,430,1005
0,0,431,1005
0,0,432,1005
0,0,433,1004
0,0,434,1004
0,0,435,1004
0,0,436,1004
0,0,437,1004
0,0,438,1003
0,0,439,1003
0,0,440,1003
0,0,441,1003
0,0,442,1003
0,0,443,1002
0,0,444,1002
0,0,445,1002
0,0,446,1002
0,0,447,1001
0,0,448,1001
0,0,449,1001
0,0,450,1001
0,0,451,1001
0,0,452,1000
0,0,453,1000
0,0,454,1000
0,0,455,1000
0,0,456,999
0,0,457,999
0,0,458,999
0,0,459,999
0,0,460,998
0,0,461,998
0,0,462,998
0,0,463,998
0,0,464,998
0,0,465,997
0,0,466,997
0,0,467,997
0,0,468,997
0,0,469,996
0,0,470,996
0,0,471,996
0,0,472,996
0,0,473,995
0,0,474,995
0,0,475,995
0,0,476,995
0,0,477,994
0,0,478,994
0,0,479,994
0,0,480,994
0,0,481,993
0,0,482,993
0,0,483,993
0,0,484,993
0,0,485,992
0,0,486,992
0,0,487,992
0,0,488,992
0,0,489,991
0,0,490,991
0,0,491,991
0,0,492,991
0,0,493,990
0,0,494,990
0,0,495,990
0,0,496,989
0,0,497,989
0,0,498,989
0,0,499,989
0,0,500,988
0,0,501,988
0,0,502,988
0,0,503,988
0,0,504,987
0,0,505,987
0,0,506,987
0,0,507,987
0,0,508,986
0,0,509,986
0,0,510,986
0,0,511,985
0,0,512,985
0,0,513,985
0,0,514,985
0,0,515,984
0,0,516,984
0,0,517,984
0,0,518,983
0,0,519,983
0,0,520,983
0,0,521,983
0,0,522,982
0,0,523,982
0,0,524,982
0,0,525,981
0,0,526,981
0,0,527,981
0,0,528,980
0,0,529,980
0,0,530,980
0,0,531,980
0,0,532,979
0,0,533,979
0,0,534,979
0,0,535,978
0,0,536,978
0,0,537,978
0,0,538,977
0,0,539,977
0,0,540,977
0,0,541,977
0,0,542,976
0,0,543,976
0,0,544,976
0,0,545,975
0,0,546,975
0,0,547,975
0,0,548,974
0,0,549,974
0,0,550,974
0,0,551,973
0,0,552,973
0,0,553,973
0,0,554,972
0,0,555,972
0,0,556,972
0,0,557,972
0,0,558,971
0,0,559,971
0,0,560,971
0,0,561,970
0,0,562,970
0,0,563,970
0,0,564,969
0,0,565,969
0,0,566,969
0,0,567,968
0,0,568,968
0,0,569,968
0,0,570,967
0,0,571,967
0,0,572,967
0,0,573,966
0,0,574,966
0,0,575,966
0,0,576,965
0,0,577,965
0,0,578,965
0,0,579,964
0,0,580,964
0,0,581,964
0,0,582,963
0,0,583,963
0,0,584,962
0,0,585,962
0,0,586,962
0,0,587,961
0,0,588,961
0,0,589,961
0,0,590,960
0,0,591,960
0,0,592,960
0,0,593,959
0,0,594,959
0,0,595,959
0,0,596,958
0,0,597,958
0,0,598,958
0,0,599,957
0,0,600,957
0,0,601,956
0,0,602,956
0,0,603,956
0,0,604,955
0,0,605,955
0,0,606,955
0,0,607,954
0,0,608,954
0,0,609,953
0,0,610,953
0,0,611,953
0,0,612,952
0,0,613,952
0,0,614,952
0,0,615,951
0,0,616,951
0,0,617,950
0,0,618,950
0,0,619,950
0,0,620,949
0,0,621,949
0,0,622,949
0,0,623,948
0,0,624,948
0,0,625,947
0,0,626,947
0,0,627,947
0,0,628,946
0,0,629,946
0,0,630,945
0,0,631,945
0,0,632,945
0,0,633,944
0,0,634,944
0,0,635,943
0,0,636,943
0,0,637,943
0,0,638,942
0,0,639,942
0,0,640,941
0,0,641,941
0,0,642,941
0,0,643,941
0,0,644,940
0,0,645,939
0,0,646,939
0,0,647,938
0,0,648,938
0,0,649,938
0,0,650,937
0,0,651,937
0,0,652,936
0,0,653,936
0,0,654,936
0,0,655,936
0,0,656,935
0,0,657,934
0,0,658,934
0,0,659,933
0,0,660,933
0,0,661,933
0,0,662,933
0,0,663,932
0,0,664,931
0,0,665,931
0,0,666,930
0,0,667,930
0,0,668,929
0,0,669,929
0,0,670,929
0,0,671,929
0,0,672,928
0,0,673,927
0,0,674,927
0,0,675,926
0,0,676,926
0,0,677,925
0,0,678,925
0,0,679,924
0,0,680,924
0,0,681,924
0,0,682,924
0,0,683,923
0,0,684,922
0,0,685,922
0,0,686,921
0,0,687,921
0,0,688,920
0,0,689,920
0,0,690,919
0,0,691,919
0,0,692,918
0,0,693,918
0,0,694,917
0,0,695,917
0,0,696,916
0,0,697,916
0,0,698,915
0,0,699,915
0,0,700,914
0,0,701,914
0,0,702,913
0,0,703,913
0,0,704,912
0,0,705,912
0,0,706,911
0,0,707,911
0,0,708,910
0,0,709,910
0,0,710,909
0,0,711,909
0,0,712,908
0,0,713,908
0,0,714,907
0,0,715,907
0,0,716,906
0,0,717,906
0,0,718,905
0,0,719,905
0,0,720,904
0,0,721,904
0,0,722,903
0,0,723,903
0,0,724,902
0,0,725,902
0,0,726,901
0,0,727,901
0,0,728,900
0,0,729,899
0,0,730,899
0,0,731,898
0,0,732,898
0,0,733,897
0,0,734,897
0,0,735,896
0,0,736,896
0,0,737,895
0,0,738,894
0,0,739,894
0,0,740,893
0,0,741,893
0,0,742,892
0,0,743,892
0,0,744,891
0,0,745,891
0,0,746,890
0,0,747,889
0,0,748,889
0,0,749,888
0,0,750,888
0,0,751,887
0,0,752,886
0,0,753,886
0,0,754,885
0,0,755,885
0,0,756,884
0,0,757,883
0,0,758,883
0,0,759,882
0,0,760,882
0,0,761,881
0,0,762,880
0,0,763,880
0,0,764,879
0,0,765,878
0,0,766,878
0,0,767,877
0,0,768,876
0,0,769,876
0,0,770,875
0,0,771,874
0,0,772,874
0,0,773,873
0,0,774,873
0,0,775,872
0,0,776,871
0,0,777,871
0,0,778,870
0,0,779,869
0,0,780,868
0,0,781,868
0,0,782,867
0,0,783,866
0,0,784,866
0,0,785,865
0,0,786,864
0,0,787,864
0,0,788,863
0,0,789,862
0,0,790,862
0,0,791,861
0,0,792,860
0,0,793,859
0,0,794,859
0,0,795,858
0,0,796,857
0,0,797,856
0,0,798,856
0,0,799,855
0,0,800,854
0,0,801,853
0,0,802,853
0,0,803,852
0,0,804,851
0,0,805,850
0,0,806,850
0,0,807,849
0,0,808,848
0,0,809,847
0,0,810,846
0,0,811,846
0,0,812,845
0,0,813,844
0,0,814,843
0,0,815,842
0,0,816,842
0,0,817,841
0,0,818,840
0,0,819,839
0,0,820,838
0,0,821,837
0,0,822,836
0,0,823,836
0,0,824,835
0,0,825,834
0,0,826,833
0,0,827,832
0,0,828,831
0,0,829,830
0,0,830,829
0,0,831,828
0,0,832,827
0,0,833,826
0,0,834,825
0,0,835,824
0,0,836,823
0,0,837,822
0,0,838,821
0,0,839,820
0,0,840,819
0,0,841,818
0,0,842,817
0,0,843,816
0,0,844,815
0,0,845,814
0,0,846,813
0,0,847,812
0,0,847,811
0,0,848,810
0,0,849,809
0,0,850,808
0,0,851,807
0,0,852,806
0,0,852,805
0,0,853,804
0,0,854,803
0,0,855,802
0,0,856,801
0,0,856,800
0,0,857,799
0,0,858,798
0,0,858,797
0,0,859,796
0,0,860,795
0,0,861,794
0,0,861,793
0,0,862,792
0,0,863,791
0,0,863,790
0,0,864,789
0,0,864,788
0,0,865,787
0,0,866,786
0,0,866,785
0,0,867,784
0,0,867,783
0,0,868,782
0,0,868,781
0,0,869,780
0,0,869,779
0,0,870,778
0,0,870,777
0,0,871,776
0,0,872,775
0,0,872,774
0,0,872,773
0,0,872,772
0,0,873,771
0,0,873,770
0,0,874,769
0,0,874,768
0,0,874,767
0,0,875,766
0,0,875,765
0,0,875,764
0,0,876,763
0,0,876,762
0,0,876,761
0,0,877,760
0,0,877,759
0,0,877,758
0,0,877,757
0,0,877,756
0,0,878,755
0,0,878,754
0,0,878,753
0,0,878,752
0,0,878,751
0,0,878,750
0,0,878,749
0,0,878,748
0,0,878,747
0,0,878,746
0,0,878,745
0,0,878,744
0,0,878,743
0,0,878,742
0,0,878,741
0,0,878,740
0,0,878,739
0,0,878,738
0,0,878,737
0,0,878,736
0,0,878,735
0,0,878,734
0,0,878,733
0,0,878,732
0,0,878,731
0,0,878,730
0,0,877,729
0,0,877,728
0,0,877,727
0,0,877,726
0,0,876,725
0,0,876,724
0,0,876,723
0,0,875,722
0,0,875,721
0,0,875,720
0,0,875,719
0,0,874,718
0,0,873,717
0,0,873,716
0,0,872,715
0,0,872,714
0,0,871,713
0,0,871,712
0,0,870,711
0,0,870,710
0,0,869,709
0,0,868,708
0,0,868,707
0,0,867,706
0,0,866,705
0,0,865,704
0,0,865,703
0,0,864,702
0,0,863,701
0,0,862,700
0,0,861,699
0,0,860,698
0,0,859,697
0,0,858,696
0,0,857,695
0,0,856,694
0,0,855,693
0,0,854,692
0,0,853,691
0,0,852,691
0,0,851,690
0,0,850,689
0,0,849,688
0,0,848,688
0,0,847,687
0,0,846,686
0,0,845,686
0,0,844,685
0,0,843,684
0,0,842,684
0,0,841,683
0,0,840,682
0,0,839,682
0,0,838,681
0,0,837,680
0,0,836,680
0,0,835,679
0,0,834,679
0,0,833,678
0,0,832,678
0,0,831,677
0,0,830,677
0,0,829,676
0,0,828,676
0,0,827,675
0,0,826,674
0,0,825,674
0,0,824,674
0,0,823,673
0,0,822,673
0,0,821,673
0,0,820,672
0,0,819,671
0,0,818,671
0,0,817,671
0,0,816,670
0,0,815,670
0,0,814,670
0,0,813,669
0,0,812,669
0,0,811,668
0,0,810,668
0,0,809,668
0,0,808,667
0,0,807,667
0,0,806,667
0,0,805,666
0,0,804,666
0,0,803,666
0,0,802,665
0,0,801,665
0,0,800,665
0,0,799,664
0,0,798,664
0,0,797,664
0,0,796,663
0,0,795,663
0,0,794,663
0,0,793,663
0,0,792,662
0,0,791,662
0,0,790,662
0,0,789,661
0,0,788,661
0,0,787,661
0,0,786,661
0,0,785,660
0,0,784,660
0,0,783,660
0,0,782,660
0,0,781,659
0,0,780,659
0,0,779,659
0,0,778,659
0,0,777,658
0,0,776,658
0,0,775,658
0,0,774,658
0,0,773,658
0,0,772,657
0,0,771,657
0,0,770,657
0,0,769,657
0,0,768,656
0,0,767,656
0,0,766,656
0,0,765,656
0,0,764,656
0,0,763,655
0,0,762,655
0,0,761,655
0,0,760,655
0,0,759,655
0,0,758,655
0,0,757,654
0,0,756,654
0,0,755,654
0,0,754,654
0,0,753,654
0,0,752,654
0,0,751,653
0,0,750,653
0,0,749,653
0,0,748,653
0,0,747,653
0,0,746,653
0,0,745,653
0,0,744,652
0,0,743,652
0,0,742,652
0,0,741,652
0,0,740,652
0,0,739,652
0,0,738,652
0,0,737,651
0,0,736,651
0,0,735,651
0,0,734,651
0,0,733,651
0,0,732,651
0,0,731,651
0,0,730,650
0,0,729,650
0,0,728,650
0,0,727,650
0,0,726,650
0,0,725,650
0,0,724,650
0,0,723,650
0,0,722,650
0,0,721,650
0,0,720,649
0,0,719,649
0,0,718,649
0,0,717,649
0,0,716,649
0,0,715,649
0,0,714,649
0,0,713,649
0,0,712,649
0,0,711,649
0,0,710,649
0,0,709,648
0,0,708,648
0,0,707,648
0,0,706,648
0,0,705,648
0,0,704,648
0,0,703,648
0,0,702,648
0,0,701,648
0,0,700,648
0,0,699,648
0,0,698,648
0,0,697,648
0,0,696,648
0,0,695,648
0,0,694,647
0,0,693,647
0,0,692,647
0,0,691,647
0,0,690,647
0,0,689,647
0,0,688,647
0,0,687,647
0,0,686,647
0,0,685,647
0,0,684,647
0,0,683,647
0,0,682,647
0,0,681,647
0,0,680,647
0,0,679,647
0,0,678,647
0,0,677,647
0,0,676,647
0,0,675,647
0,0,674,647
0,0,673,647
0,0,672,647
0,0,671,647
0,0,670,647
0,0,669,647
0,0,668,647
0,0,667,647
0,0,666,647
0,0,665,647
0,0,664,647
0,0,663,647
0,0,662,647
0,0,661,647
0,0,660,647
0,0,659,647
0,0,658,647
0,0,657,647
0,0,656,647
0,0,655,647
0,0,654,647
0,0,653,647
0,0,652,647
0,0,651,647
0,0,650,647
0,0,649,647
0,0,648,647
0,0,647,647
0,0,646,647
0,0,645,647
0,0,644,647
0,0,643,647
0,0,642,647
0,0,641,647
0,0,640,647
0,0,639,647
0,0,638,647
0,0,637,647
0,0,636,647
0,0,635,647
0,0,634,647
0,0,633,647
0,0,632,647
0,0,631,647
0,0,630,647
0,0,629,647
0,0,628,647
0,0,627,647
0,0,626,647
0,0,625,647
0,0,624,648
0,0,623,648
0,0,622,648
0,0,621,648
0,0,620,648
0,0,619,648
0,0,618,648
0,0,617,648
0,0,616,648
0,0,615,648
0,0,614,648
0,0,613,648
0,0,612,648
0,0,611,648
0,0,610,648
0,0,609,648
0,0,608,648
0,0,607,649
0,0,606,649
0,0,605,649
0,0,604,649
0,0,603,649
0,0,602,649
0,0,601,649
0,0,600,649
0,0,599,649
0,0,598,649
0,0,597,649
0,0,596,649
0,0,595,649
0,0,594,649
0,0,593,650
0,0,592,650
0,0,591,650
0,0,590,650
0,0,589,650
0,0,588,650
0,0,587,650
0,0,586,650
0,0,585,650
0,0,584,650
0,0,583,650
0,0,582,651
0,0,581,651
0,0,580,651
0,0,579,651
0,0,578,651
0,0,577,651
0,0,576,651
0,0,575,651
0,0,574,651
0,0,573,651
0,0,572,652
0,0,571,652
0,0,570,652
0,0,569,652
0,0,568,652
0,0,567,652
0,0,566,652
0,0,565,652
0,0,564,652
0,0,563,653
0,0,562,653
0,0,561,653
0,0,560,653
0,0,559,653
0,0,558,653
0,0,557,653
0,0,556,653
0,0,555,653
0,0,554,654
0,0,553,654
0,0,552,654
0,0,551,654
0,0,550,654
0,0,549,654
0,0,548,654
0,0,547,654
0,0,546,655
0,0,545,655
0,0,544,655
0,0,543,655
0,0,542,655
0,0,541,655
0,0,540,655
0,0,539,655
0,0,538,656
0,0,537,656
0,0,536,656
0,0,535,656
0,0,534,656
0,0,533,656
0,0,532,656
0,0,531,657
0,0,530,657
0,0,529,657
0,0,528,657
0,0,527,657
0,0,526,657
0,0,525,657
0,0,524,658
0,0,523,658
0,0,522,658
0,0,521,658
0,0,520,658
0,0,519,658
0,0,518,659
0,0,517,659
0,0,516,659
0,0,515,659
0,0,514,659
0,0,513,659
0,0,512,659
0,0,511,660
0,0,510,660
0,0,509,660
0,0,508,660
0,0,507,660
0,0,506,660
0,0,505,661
0,0,504,661
0,0,503,661
0,0,502,661
0,0,501,661
0,0,500,661
0,0,499,662
0,0,498,662
0,0,497,662
0,0,496,662
0,0,495,662
0,0,494,662
0,0,493,661
0,0,493,660
0,0,494,659
0,0,495,658
0,0,495,657
0,0,496,656
0,0,496,655
0,0,497,654
0,0,497,653
0,0,498,652
0,0,498,651
0,0,499,650
0,0,499,649
0,0,500,648
0,0,500,647
0,0,501,646
0,0,501,645
0,0,502,644
0,0,502,643
0,0,503,642
0,0,503,641
0,0,504,640
0,0,504,639
0,0,505,638
0,0,505,637
0,0,506,636
0,0,507,635
0,0,507,634
0,0,508,633
0,0,508,632
0,0,509,631
0,0,509,630
0,0,510,629
0,0,510,628
0,0,511,627
0,0,512,626
0,0,512,625
0,0,512,624
0,0,512,623
0,0,513,622
0,0,513,621
0,0,514,620
0,0,514,619
0,0,515,618
0,0,515,617
0,0,516,616
0,0,516,615
0,0,517,614
0,0,518,613
0,0,518,612
0,0,518,611
0,0,518,610
0,0,519,609
0,0,519,608
0,0,520,607
0,0,520,606
0,0,521,605
0,0,521,604
0,0,522,603
0,0,523,602
0,0,523,601
0,0,523,600
0,0,523,599
0,0,524,598
0,0,524,597
0,0,525,596
0,0,526,595
0,0,526,594
0,0,526,593
0,0,526,592
0,0,527,591
0,0,527,590
0,0,528,589
0,0,529,588
0,0,529,587
0,0,529,586
0,0,529,585
0,0,530,584
0,0,530,583
0,0,531,582
0,0,531,581
0,0,531,580
0,0,532,579
0,0,532,578
0,0,533,577
0,0,534,576
0,0,534,575
0,0,534,574
0,0,534,573
0,0,535,572
0,0,535,571
0,0,536,570
0,0,536,569
0,0,536,568
0,0,537,567
0,0,537,566
0,0,538,565
0,0,538,564
0,0,538,563
0,0,539,562
0,0,539,561
0,0,540,560
0,0,540,559
0,0,540,558
0,0,541,557
0,0,541,556
0,0,542,555
0,0,542,554
0,0,542,553
0,0,543,552
0,0,543,551
0,0,543,550
0,0,544,549
0,0,544,548
0,0,545,547
0,0,545,546
0,0,545,545
0,0,546,544
0,0,546,543
0,0,546,542
0,0,547,541
0,0,547,540
0,0,548,539
0,0,548,538
0,0,548,537
0,0,549,536
0,0,549,535
0,0,549,534
0,0,550,533
0,0,550,532
0,0,551,531
0,0,551,530
0,0,551,529
0,0,552,528
0,0,552,527
0,0,552,526
0,0,553,525
0,0,553,524
0,0,553,523
0,0,554,522
0,0,554,521
0,0,555,520
0,0,555,519
0,0,555,518
0,0,556,517
0,0,556,516
0,0,556,515
0,0,557,514
0,0,557,513
0,0,557,512
0,0,558,511
0,0,558,510
0,0,558,509
0,0,559,508
0,0,559,507
0,0,560,506
0,0,560,505
0,0,560,504
0,0,561,503
0,0,561,502
0,0,561,501
0,0,562,500
0,0,562,499
0,0,562,498
0,0,563,497
0,0,563,496
0,0,563,495
0,0,564,494
0,0,564,493
0,0,564,492
0,0,565,491
0,0,565,490
0,0,565,489
0,0,566,488
0,0,566,487
0,0,566,486
0,0,567,485
0,0,567,484
0,0,567,483
0,0,568,482
0,0,568,481
0,0,568,480
0,0,569,479
0,0,569,478
0,0,569,477
0,0,570,476
0,0,570,475
0,0,570,474
0,0,571,473
0,0,571,472
0,0,571,471
0,0,572,470
0,0,572,469
0,0,572,468
0,0,573,467
0,0,573,466
0,0,573,465
0,0,574,464
0,0,574,463
0,0,574,462
0,0,575,461
0,0,575,460
0,0,575,459
0,0,576,458
0,0,576,457
0,0,576,456
0,0,577,455
0,0,577,454
0,0,577,453
0,0,578,452
0,0,578,451
0,0,578,450
0,0,579,449
0,0,579,448
0,0,579,447
0,0,580,446
0,0,580,445
0,0,580,444
0,0,581,443
0,0,581,442
0,0,581,441
0,0,581,440
0,0,582,439
0,0,582,438
0,0,582,437
0,0,583,436
0,0,583,435
0,0,583,434
0,0,584,433
0,0,584,432
0,0,584,431
0,0,584,430
0,0,585,429
0,0,585,428
0,0,585,427
0,0,586,426
0,0,586,425
0,0,586,424
0,0,586,423
0,0,587,422
0,0,587,421
0,0,587,420
0,0,588,419
0,0,588,418
0,0,588,417
0,0,588,416
0,0,589,415
0,0,589,414
0,0,589,413
0,0,589,412
0,0,590,411
0,0,590,410
0,0,590,409
0,0,590,408
0,0,591,407
0,0,591,406
0,0,591,405
0,0,591,404
0,0,592,403
0,0,592,402
0,0,592,401
0,0,592,400
0,0,593,399
0,0,593,398
0,0,593,397
0,0,593,396
0,0,594,395
0,0,594,394
0,0,594,393
0,0,594,392
0,0,594,391
0,0,595,390
0,0,595,389
0,0,595,388
0,0,595,387
0,0,595,386
0,0,596,385
0,0,596,384
0,0,596,383
0,0,596,382
0,0,597,381
0,0,597,380
0,0,597,379
0,0,597,378
0,0,597,377
0,0,598,376
0,0,598,375
0,0,598,374
0,0,598,373
0,0,598,372
0,0,598,371
0,0,599,370
0,0,599,369
0,0,599,368
0,0,599,367
0,0,599,366
0,0,600,365
0,0,600,364
0,0,600,363
0,0,600,362
0,0,600,361
0,0,601,360
0,0,601,359
0,0,601,358
0,0,601,357
0,0,601,356
0,0,601,355
0,0,602,354
0,0,602,353
0,0,602,352
0,0,602,351
0,0,602,350
0,0,602,349
0,0,602,348
0,0,603,347
0,0,603,346
0,0,603,345
0,0,603,344
0,0,603,343
0,0,603,342
0,0,603,341
0,0,603,340
0,0,604,339
0,0,604,338
0,0,604,337
0,0,604,336
0,0,604,335
0,0,604,334
0,0,604,333
0,0,604,332
0,0,605,331
0,0,605,330
0,0,605,329
0,0,605,328
0,0,605,327
0,0,605,326
0,0,605,325
0,0,605,324
0,0,605,323
0,0,605,322
0,0,606,321
0,0,606,320
0,0,606,319
0,0,606,318
0,0,606,317
0,0,606,316
0,0,606,315
0,0,606,314
0,0,606,313
0,0,606,312
0,0,606,311
0,0,606,310
0,0,606,309
0,0,607,308
0,0,607,307
0,0,607,306
0,0,607,305
0,0,607,304
0,0,607,303
0,0,607,302
0,0,607,301
0,0,607,300
0,0,607,299
0,0,607,298
0,0,607,297
0,0,607,296
0,0,607,295
0,0,607,294
0,0,607,293
0,0,607,292
0,0,607,291
0,0,607,290
0,0,607,289
0,0,607,288
0,0,607,287
0,0,607,286
0,0,607,285
0,0,607,284
0,0,607,283
0,0,607,282
0,0,607,281
0,0,607,280
0,0,607,279
0,0,607,278
0,0,607,277
0,0,607,276
0,0,607,275
0,0,607,274
0,0,607,273
0,0,607,272
0,0,607,271
0,0,607,270
0,0,607,269
0,0,607,268
0,0,607,267
0,0,607,266
0,0,607,265
0,0,607,264
0,0,607,263
0,0,607,262
0,0,607,261
0,0,607,260
0,0,607,259
0,0,607,258
0,0,607,257
0,0,607,256
0,0,606,255
0,0,606,254
0,0,606,253
0,0,606,252
0,0,606,251
0,0,606,250
0,0,606,249
0,0,606,248
0,0,606,247
0,0,606,246
0,0,606,245
0,0,606,244
0,0,605,243
0,0,605,242
0,0,605,241
0,0,605,240
0,0,605,239
0,0,605,238
0,0,605,237
0,0,605,236
0,0,604,235
0,0,604,234
0,0,604,233
0,0,604,232
0,0,604,231
0,0,604,230
0,0,604,229
0,0,603,228
0,0,603,227
0,0,603,226
0,0,603,225
0,0,603,224
0,0,602,223
0,0,602,222
0,0,602,221
0,0,602,220
0,0,602,219
0,0,601,218
0,0,601,217
0,0,601,216
0,0,601,215
0,0,601,214
0,0,600,213
0,0,600,212
0,0,600,211
0,0,600,210
0,0,599,209
0,0,599,208
0,0,599,207
0,0,598,206
0,0,598,205
0,0,598,204
0,0,598,203
0,0,597,202
0,0,597,201
0,0,597,200
0,0,596,199
0,0,596,198
0,0,596,197
0,0,595,196
0,0,595,195
0,0,595,194
0,0,594,193
0,0,594,192
0,0,594,191
0,0,593,190
0,0,593,189
0,0,593,188
0,0,592,187
0,0,592,186
0,0,591,185
0,0,591,184
0,0,591,183
0,0,590,182
0,0,590,181
0,0,589,180
0,0,589,179
0,0,589,178
0,0,588,177
0,0,588,176
0,0,587,175
0,0,587,174
0,0,587,173
0,0,587,172
0,0,586,171
0,0,585,170
0,0,585,169
0,0,584,168
0,0,584,167
0,0,583,166
0,0,583,165
0,0,582,164
0,0,582,163
0,0,581,162
0,0,581,161
0,0,580,160
0,0,580,159
0,0,579,158
0,0,579,157
0,0,578,156
0,0,578,155
0,0,577,154
0,0,577,153
0,0,576,152
0,0,575,151
0,0,575,150
0,0,574,149
0,0,574,148
0,0,573,147
0,0,573,146
0,0,572,145
0,0,571,144
0,0,571,143
0,0,570,142
0,0,569,141
0,0,569,140
0,0,568,139
0,0,567,138
0,0,567,137
0,0,566,136
0,0,565,135
0,0,565,134
0,0,564,133
0,0,563,132
0,0,563,131
0,0,562,130
0,0,561,129
0,0,560,128
0,0,560,127
0,0,559,126
0,0,558,125
0,0,558,124
0,0,557,123
0,0,556,122
0,0,555,121
0,0,554,120
0,0,554,119
0,0,553,118
0,0,552,117
0,0,551,116
0,0,551,115
0,0,550,114
0,0,549,113
0,0,548,112
0,0,547,111
0,0,546,110
0,0,546,109
0,0,545,108
0,0,544,107
0,0,543,106
0,0,542,105
0,0,541,104
0,0,540,103
0,0,539,102
0,0,539,101
0,0,538,100
0,0,537,99
0,0,536,98
0,0,535,97
0,0,534,96
0,0,533,95
0,0,532,94
0,0,531,93
0,0,530,92
0,0,529,91
0,0,528,90
0,0,527,89
0,0,526,88
0,0,525,87
0,0,524,86
0,0,523,85
0,0,522,84
0,0,521,83
0,0,520,82
0,0,519,82
0,0,518,81
0,0,517,80
0,0,516,79
0,0,515,78
0,0,514,77
0,0,513,76
0,0,512,75
0,0,511,75
0,0,510,74
0,0,509,73
0,0,508,72
0,0,507,71
0,0,506,70
0,0,505,70
0,0,504,69
0,0,503,68
0,0,502,67
0,0,501,67
0,0,500,66
0,0,499,65
0,0,498,64
0,0,497,63
0,0,496,63
0,0,495,62
0,0,494,61
0,0,493,61
0,0,492,60
0,0,491,59
0,0,490,58
0,0,489,58
0,0,488,57
0,0,487,56
0,0,486,56
0,0,485,55
0,0,484,54
0,0,483,54
0,0,482,53
0,0,481,52
0,0,480,52
0,0,479,51
0,0,478,50
0,0,477,50
0,0,476,49
0,0,475,49
0,0,474,48
0,0,473,47
0,0,472,47
0,0,471,46
0,0,470,46
0,0,469,45
0,0,468,44
0,0,467,44
0,0,466,43
0,0,465,43
0,0,464,42
0,0,463,42
0,0,462,41
0,0,461,41
0,0,460,40
0,0,459,40
0,0,458,39
0,0,457,39
0,0,456,38
0,0,455,37
0,0,454,37
0,0,453,36
0,0,452,36
0,0,451,36
0,0,450,35
0,0,449,35
0,0,448,34
0,0,447,34
0,0,446,33
0,0,445,33
0,0,444,32
0,0,443,32
0,0,442,31
0,0,441,30
0,0,440,30
0,0,439,30
0,0,438,29
0,0,437,29
0,0,436,29
0,0,435,28
0,0,434,27
0,0,433,27
0,0,432,27
0,0,431,26
0,0,430,26
0,0,429,26
0,0,428,25
0,0,427,25
0,0,426,24
0,0,425,24
0,0,424,24
0,0,423,23
0,0,422,23
0,0,421,22
0,0,420,22
0,0,419,22
0,0,418,21
0,0,417,21
0,0,416,21
0,0,415,20
0,0,414,20
0,0,413,20
0,0,412,19
0,0,411,19
0,0,410,19
0,0,409,18
0,0,408,18
0,0,407,18
0,0,406,17
0,0,405,17
0,0,404,17
0,0,403,17
0,0,402,16
0,0,401,16
0,0,400,16
0,0,399,15
0,0,398,15
0,0,397,15
0,0,396,15
0,0,395,14
0,0,394,14
0,0,393,14
0,0,392,14
0,0,391,13
0,0,390,13
0,0,389,13
0,0,388,13
0,0,387,12
0,0,386,12
0,0,385,12
0,0,384,12
0,0,383,11
0,0,382,11
0,0,381,11
0,0,380,11
0,0,379,11
0,0,378,10
0,0,377,10
0,0,376,10
0,0,375,10
0,0,374,10
0,0,373,10
0,0,372,9
0,0,371,9
0,0,370,9
0,0,369,9
0,0,368,9
0,0,367,9
0,0,366,8
0,0,365,8
0,0,364,8
0,0,363,8
0,0,362,8
0,0,361,8
0,0,360,7
0,0,359,7
0,0,358,7
0,0,357,7
0,0,356,7
0,0,355,7
0,0,354,7
0,0,353,7
0,0,352,6
0,0,351,6
0,0,350,6
0,0,349,6
0,0,348,6
0,0,347,6
0,0,346,6
0,0,345,6
0,0,344,6
0,0,343,6
0,0,342,6
0,0,341,6
0,0,340,5
0,0,339,5
0,0,338,5
0,0,337,5
0,0,336,5
0,0,335,5
0,0,334,5
0,0,333,5
0,0,332,5
0,0,331,5
0,0,330,5
0,0,329,5
0,0,328,5
0,0,327,5
0,0,326,5
0,0,325,5
0,0,324,5
0,0,323,5
0,0,322,5
0,0,321,5
0,0,320,5
0,0,319,5
0,0,318,5
0,0,317,5
0,0,316,5
1,0,314,6
1,0,315,5
1,0,316,5
1,0,317,5
1,0,318,5
1,0,319,5
1,0,320,5
1,0,321,5
1,0,322,5
1,0,323,5
1,0,324,5
1,0,325,5
1,0,326,5
1,0,327,5
1,0,328,5
1,0,329,5
1,0,330,5
1,0,331,5
1,0,332,5
1,0,333,5
1,0,334,5
1,0,335,5
1,0,336,5
1,0,337,5
1,0,338,5
1,0,339,5
1,0,340,5
1,0,341,6
1,0,342,6
1,0,343,6
1,0,344,6
1,0,345,6
1,0,346,6
1,0,347,6
1,0,348,6
1,0,349,6
1,0,350,6
1,0,351,6
1,0,352,6
1,0,353,7
1,0,354,7
1,0,355,7
1,0,356,7
1,0,357,7
1,0,358,7
1,0,359,7
1,0,360,7
1,0,361,8
1,0,362,8
1,0,363,8
1,0,364,8
1,0,365,8
1,0,366,8
1,0,367,9
1,0,368,9
1,0,369,9
1,0,370,9
1,0,371,9
1,0,372,9
1,0,373,10
1,0,374,10
1,0,375,10
1,0,376,10
1,0,377,10
1,0,378,10
1,0,379,11
1,0,380,11
1,0,381,11
1,0,382,11
1,0,383,11
1,0,384,12
1,0,385,12
1,0,386,12
1,0,387,12
1,0,388,13
1,0,389,13
1,0,390,13
1,0,391,13
1,0,392,14
1,0,393,14
1,0,394,14
1,0,395,14
1,0,396,15
1,0,397,15
1,0,398,15
1,0,399,15
1,0,400,16
1,0,401,16
1,0,402,16
1,0,403,17
1,0,404,17
1,0,405,17
1,0,406,17
1,0,407,18
1,0,408,18
1,0,409,18
1,0,410,19
1,0,411,19
1,0,412,19
1,0,413,20
1,0,414,20
1,0,415,20
1,0,416,21
1,0,417,21
1,0,418,21
1,0,419,22
1,0,420,22
1,0,421,22
1,0,422,23
1,0,423,23
1,0,424,24
1,0,425,24
1,0,426,24
1,0,427,25
1,0,428,25
1,0,429,26
1,0,430,26
1,0,431,26
1,0,432,27
1,0,433,27
1,0,434,28
1,0,435,29
1,0,436,29
1,0,437,29
1,0,438,29
1,0,439,30
1,0,440,30
1,0,441,31
1,0,442,31
1,0,443,32
1,0,444,32
1,0,445,33
1,0,446,33
1,0,447,34
1,0,448,35
1,0,449,35
1,0,450,35
1,0,451,36
1,0,452,36
1,0,453,37
1,0,454,37
1,0,455,38
1,0,456,38
1,0,457,39
1,0,458,39
1,0,459,40
1,0,460,40
1,0,461,41
1,0,462,41
1,0,463,42
1,0,464,43
1,0,465,43
1,0,466,44
1,0,467,44
1,0,468,45
1,0,469,45
1,0,470,46
1,0,471,47
1,0,472,47
1,0,473,48
1,0,474,48
1,0,475,49
1,0,476,50
1,0,477,50
1,0,478,51
1,0,479,52
1,0,480,52
1,0,481,53
1,0,482,53
1,0,483,54
1,0,484,55
1,0,485,55
1,0,486,56
1,0,487,57
1,0,488,57
1,0,489,58
1,0,490,59
1,0,491,60
1,0,492,60
1,0,493,61
1,0,494,62
1,0,495,62
1,0,496,63
1,0,497,64
1,0,498,65
1,0,499,66
1,0,500,66
1,0,501,67
1,0,502,68
1,0,503,69
1,0,504,69
1,0,505,70
1,0,506,71
1,0,507,72
1,0,508,73
1,0,509,74
1,0,510,74
1,0,511,75
1,0,512,76
1,0,513,77
1,0,514,78
1,0,515,79
1,0,516,80
1,0,517,81
1,0,518,81
1,0,519,82
1,0,520,83
1,0,521,84
1,0,522,85
1,0,523,86
1,0,524,87
1,0,525,88
1,0,526,89
1,0,527,90
1,0,528,91
1,0,529,92
1,0,530,93
1,0,531,94
1,0,532,95
1,0,533,96
1,0,534,97
1,0,535,98
1,0,536,99
1,0,537,100
1,0,538,101
1,0,539,102
1,0,540,103
1,0,540,104
1,0,541,105
1,0,542,106
1,0,543,107
1,0,544,108
1,0,545,109
1,0,546,110
1,0,547,111
1,0,547,112
1,0,548,113
1,0,549,114
1,0,550,115
1,0,551,116
1,0,552,117
1,0,552,118
1,0,553,119
1,0,554,120
1,0,555,121
1,0,555,122
1,0,556,123
1,0,557,124
1,0,558,125
1,0,559,126
1,0,559,127
1,0,560,128
1,0,561,129
1,0,561,130
1,0,562,131
1,0,563,132
1,0,564,133
1,0,564,134
1,0,565,135
1,0,566,136
1,0,566,137
1,0,567,138
1,0,568,139
1,0,568,140
1,0,569,141
1,0,570,142
1,0,570,143
1,0,571,144
1,0,571,145
1,0,572,146
1,0,573,147
1,0,573,148
1,0,574,149
1,0,574,150
1,0,575,151
1,0,576,152
1,0,576,153
1,0,577,154
1,0,577,155
1,0,578,156
1,0,578,157
1,0,579,158
1,0,580,159
1,0,580,160
1,0,581,161
1,0,581,162
1,0,582,163
1,0,582,164
1,0,583,165
1,0,583,166
1,0,584,167
1,0,584,168
1,0,585,169
1,0,585,170
1,0,586,171
1,0,586,172
1,0,587,173
1,0,587,174
1,0,587,175
1,0,588,176
1,0,588,177
1,0,589,178
1,0,589,179
1,0,589,180
1,0,590,181
1,0,590,182
1,0,591,183
1,0,591,184
1,0,591,185
1,0,592,186
1,0,592,187
1,0,593,188
1,0,593,189
1,0,593,190
1,0,594,191
1,0,594,192
1,0,594,193
1,0,595,194
1,0,595,195
1,0,595,196
1,0,596,197
1,0,596,198
1,0,596,199
1,0,597,200
1,0,597,201
1,0,597,202
1,0,598,203
1,0,598,204
1,0,598,205
1,0,598,206
1,0,599,207
1,0,599,208
1,0,599,209
1,0,600,210
1,0,600,211
1,0,600,212
1,0,600,213
1,0,601,214
1,0,601,215
1,0,601,216
1,0,601,217
1,0,601,218
1,0,602,219
1,0,602,220
1,0,602,221
1,0,602,222
1,0,602,223
1,0,603,224
1,0,603,225
1,0,603,226
1,0,603,227
1,0,603,228
1,0,604,229
1,0,604,230
1,0,604,231
1,0,604,232
1,0,604,233
1,0,604,234
1,0,604,235
1,0,605,236
1,0,605,237
1,0,605,238
1,0,605,239
1,0,605,240
1,0,605,241
1,0,605,242
1,0,605,243
1,0,606,244
1,0,606,245
1,0,606,246
1,0,606,247
1,0,606,248
1,0,606,249
1,0,606,250
1,0,606,251
1,0,606,252
1,0,606,253
1,0,606,254
1,0,606,255
1,0,607,256
1,0,607,257
1,0,607,258
1,0,607,259
1,0,607,260
1,0,607,261
1,0,607,262
1,0,607,263
1,0,607,264
1,0,607,265
1,0,607,266
1,0,607,267
1,0,607,268
1,0,607,269
1,0,607,270
1,0,607,271
1,0,607,272
1,0,607,273
1,0,607,274
1,0,607,275
1,0,607,276
1,0,607,277
1,0,607,278
1,0,607,279
1,0,607,280
1,0,607,281
1,0,607,282
1,0,607,283
1,0,607,284
1,0,607,285
1,0,607,286
1,0,607,287
1,0,607,288
1,0,607,289
1,0,607,290
1,0,607,291
1,0,607,292
1,0,607,293
1,0,607,294
1,0,607,295
1,0,607,296
1,0,607,297
1,0,607,298
1,0,607,299
1,0,607,300
1,0,607,301
1,0,607,302
1,0,607,303
1,0,607,304
1,0,607,305
1,0,607,306
1,0,607,307
1,0,607,308
1,0,606,309
1,0,606,310
1,0,606,311
1,0,606,312
1,0,606,313
1,0,606,314
1,0,606,315
1,0,606,316
1,0,606,317
1,0,606,318
1,0,606,319
1,0,606,320
1,0,606,321
1,0,605,322
1,0,605,323
1,0,605,324
1,0,605,325
1,0,605,326
1,0,605,327
1,0,605,328
1,0,605,329
1,0,605,330
1,0,605,331
1,0,604,332
1,0,604,333
1,0,604,334
1,0,604,335
1,0,604,336
1,0,604,337
1,0,604,338
1,0,604,339
1,0,603,340
1,0,603,341
1,0,603,342
1,0,603,343
1,0,603,344
1,0,603,345
1,0,603,346
1,0,603,347
1,0,602,348
1,0,602,349
1,0,602,350
1,0,602,351
1,0,602,352
1,0,602,353
1,0,602,354
1,0,601,355
1,0,601,356
1,0,601,357
1,0,601,358
1,0,601,359
1,0,601,360
1,0,600,361
1,0,600,362
1,0,600,363
1,0,600,364
1,0,600,365
1,0,599,366
1,0,599,367
1,0,599,368
1,0,599,369
1,0,599,370
1,0,598,371
1,0,598,372
1,0,598,373
1,0,598,374
1,0,598,375
1,0,598,376
1,0,597,377
1,0,597,378
1,0,597,379
1,0,597,380
1,0,597,381
1,0,596,382
1,0,596,383
1,0,596,384
1,0,596,385
1,0,595,386
1,0,595,387
1,0,595,388
1,0,595,389
1,0,595,390
1,0,594,391
1,0,594,392
1,0,594,393
1,0,594,394
1,0,594,395
1,0,593,396
1,0,593,397
1,0,593,398
1,0,593,399
1,0,592,400
1,0,592,401
1,0,592,402
1,0,592,403
1,0,591,404
1,0,591,405
1,0,591,406
1,0,591,407
1,0,590,408
1,0,590,409
1,0,590,410
1,0,590,411
1,0,589,412
1,0,589,413
1,0,589,414
1,0,589,415
1,0,588,416
1,0,588,417
1,0,588,418
1,0,588,419
1,0,587,420
1,0,587,421
1,0,587,422
1,0,586,423
1,0,586,424
1,0,586,425
1,0,586,426
1,0,585,427
1,0,585,428
1,0,585,429
1,0,584,430
1,0,584,431
1,0,584,432
1,0,584,433
1,0,583,434
1,0,583,435
1,0,583,436
1,0,582,437
1,0,582,438
1,0,582,439
1,0,581,440
1,0,581,441
1,0,581,442
1,0,581,443
1,0,580,444
1,0,580,445
1,0,580,446
1,0,579,447
1,0,579,448
1,0,579,449
1,0,578,450
1,0,578,451
1,0,578,452
1,0,577,453
1,0,577,454
1,0,577,455
1,0,576,456
1,0,576,457
1,0,576,458
1,0,575,459
1,0,575,460
1,0,575,461
1,0,574,462
1,0,574,463
1,0,574,464
1,0,573,465
1,0,573,466
1,0,573,467
1,0,572,468
1,0,572,469
1,0,572,470
1,0,571,471
1,0,571,472
1,0,571,473
1,0,570,474
1,0,570,475
1,0,570,476
1,0,569,477
1,0,569,478
1,0,569,479
1,0,568,480
1,0,568,481
1,0,568,482
1,0,567,483
1,0,567,484
1,0,567,485
1,0,566,486
1,0,566,487
1,0,566,488
1,0,565,489
1,0,565,490
1,0,565,491
1,0,564,492
1,0,564,493
1,0,564,494
1,0,563,495
1,0,563,496
1,0,563,497
1,0,562,498
1,0,562,499
1,0,562,500
1,0,561,501
1,0,561,502
1,0,561,503
1,0,560,504
1,0,560,505
1,0,560,506
1,0,559,507
1,0,559,508
1,0,558,509
1,0,558,510
1,0,558,511
1,0,557,512
1,0,557,513
1,0,557,514
1,0,556,515
1,0,556,516
1,0,556,517
1,0,555,518
1,0,555,519
1,0,555,520
1,0,554,521
1,0,554,522
1,0,553,523
1,0,553,524
1,0,553,525
1,0,552,526
1,0,552,527
1,0,552,528
1,0,551,529
1,0,551,530
1,0,551,531
1,0,550,532
1,0,550,533
1,0,549,534
1,0,549,535
1,0,549,536
1,0,548,537
1,0,548,538
1,0,548,539
1,0,547,540
1,0,547,541
1,0,546,542
1,0,546,543
1,0,546,544
1,0,545,545
1,0,545,546
1,0,545,547
1,0,544,548
1,0,544,549
1,0,543,550
1,0,543,551
1,0,543,552
1,0,542,553
1,0,542,554
1,0,542,555
1,0,541,556
1,0,541,557
1,0,540,558
1,0,540,559
1,0,540,560
1,0,539,561
1,0,539,562
1,0,538,563
1,0,538,564
1,0,538,565
1,0,537,566
1,0,537,567
1,0,536,568
1,0,536,569
1,0,536,570
1,0,535,571
1,0,535,572
1,0,534,573
1,0,534,574
1,0,534,575
1,0,533,576
1,0,532,577
1,0,532,578
1,0,532,579
1,0,531,580
1,0,531,581
1,0,531,582
1,0,530,583
1,0,530,584
1,0,529,585
1,0,529,586
1,0,529,587
1,0,528,588
1,0,527,589
1,0,527,590
1,0,527,591
1,0,526,592
1,0,526,593
1,0,526,594
1,0,525,595
1,0,524,596
1,0,524,597
1,0,524,598
1,0,523,599
1,0,523,600
1,0,523,601
1,0,522,602
1,0,522,603
1,0,521,604
1,0,521,605
1,0,520,606
1,0,519,607
1,0,519,608
1,0,519,609
1,0,518,610
1,0,518,611
1,0,518,612
1,0,517,613
1,0,517,614
1,0,516,615
1,0,516,616
1,0,515,617
1,0,515,618
1,0,514,619
1,0,513,620
1,0,513,621
1,0,513,622
1,0,512,623
1,0,512,624
1,0,512,625
1,0,511,626
1,0,511,627
1,0,510,628
1,0,510,629
1,0,509,630
1,0,508,631
1,0,508,632
1,0,507,633
1,0,507,634
1,0,506,635
1,0,506,636
1,0,505,637
1,0,505,638
1,0,504,639
1,0,504,640
1,0,503,641
1,0,503,642
1,0,502,643
1,0,502,644
1,0,501,645
1,0,501,646
1,0,500,647
1,0,500,648
1,0,499,649
1,0,499,650
1,0,498,651
1,0,498,652
1,0,497,653
1,0,497,654
1,0,496,655
1,0,495,656
1,0,495,657
1,0,494,658
1,0,493,659
1,0,493,660
1,0,493,661
1,0,494,662
1,0,495,662
1,0,496,662
1,0,497,662
1,0,498,662
1,0,499,662
1,0,500,661
1,0,501,661
1,0,502,661
1,0,503,661
1,0,504,661
1,0,505,661
1,0,506,660
1,0,507,660
1,0,508,660
1,0,509,660
1,0,510,660
1,0,511,660
1,0,512,659
1,0,513,659
1,0,514,659
1,0,515,659
1,0,516,659
1,0,517,659
1,0,518,659
1,0,519,658
1,0,520,658
1,0,521,658
1,0,522,658
1,0,523,658
1,0,524,658
1,0,525,657
1,0,526,657
1,0,527,657
1,0,528,657
1,0,529,657
1,0,530,657
1,0,531,657
1,0,532,656
1,0,533,656
1,0,534,656
1,0,535,656
1,0,536,656
1,0,537,656
1,0,538,656
1,0,539,655
1,0,540,655
1,0,541,655
1,0,542,655
1,0,543,655
1,0,544,655
1,0,545,655
1,0,546,655
1,0,547,654
1,0,548,654
1,0,549,654
1,0,550,654
1,0,551,654
1,0,552,654
1,0,553,654
1,0,554,654
1,0,555,653
1,0,556,653
1,0,557,653
1,0,558,653
1,0,559,653
1,0,560,653
1,0,561,653
1,0,562,653
1,0,563,653
1,0,564,652
1,0,565,652
1,0,566,652
1,0,567,652
1,0,568,652
1,0,569,652
1,0,570,652
1,0,571,652
1,0,572,652
1,0,573,651
1,0,574,651
1,0,575,651
1,0,576,651
1,0,577,651
1,0,578,651
1,0,579,651
1,0,580,651
1,0,581,651
1,0,582,651
1,0,583,650
1,0,584,650
1,0,585,650
1,0,586,650
1,0,587,650
1,0,588,650
1,0,589,650
1,0,590,650
1,0,591,650
1,0,592,650
1,0,593,650
1,0,594,649
1,0,595,649
1,0,596,649
1,0,597,649
1,0,598,649
1,0,599,649
1,0,600,649
1,0,601,649
1,0,602,649
1,0,603,649
1,0,604,649
1,0,605,649
1,0,606,649
1,0,607,649
1,0,608,648
1,0,609,648
1,0,610,648
1,0,611,648
1,0,612,648
1,0,613,648
1,0,614,648
1,0,615,648
1,0,616,648
1,0,617,648
1,0,618,648
1,0,619,648
1,0,620,648
1,0,621,648
1,0,622,648
1,0,623,648
1,0,624,648
1,0,625,647
1,0,626,647
1,0,627,647
1,0,628,647
1,0,629,647
1,0,630,647
1,0,631,647
1,0,632,647
1,0,633,647
1,0,634,647
1,0,635,647
1,0,636,647
1,0,637,647
1,0,638,647
1,0,639,647
1,0,640,647
1,0,641,647
1,0,642,647
1,0,643,647
1,0,644,647
1,0,645,647
1,0,646,647
1,0,647,647
1,0,648,647
1,0,649,647
1,0,650,647
1,0,651,647
1,0,652,647
1,0,653,647
1,0,654,647
1,0,655,647
1,0,656,647
1,0,657,647
1,0,658,647
1,0,659,647
1,0,660,647
1,0,661,647
1,0,662,647
1,0,663,647
1,0,664,647
1,0,665,647
1,0,666,647
1,0,667,647
1,0,668,647
1,0,669,647
1,0,670,647
1,0,671,647
1,0,672,647
1,0,673,647
1,0,674,647
1,0,675,647
1,0,676,647
1,0,677,647
1,0,678,647
1,0,679,647
1,0,680,647
1,0,681,647
1,0,682,647
1,0,683,647
1,0,684,647
1,0,685,647
1,0,686,647
1,0,687,647
1,0,688,647
1,0,689,647
1,0,690,647
1,0,691,647
1,0,692,647
1,0,693,647
1,0,694,647
1,0,695,648
1,0,696,648
1,0,697,648
1,0,698,648
1,0,699,648
1,0,700,648
1,0,701,648
1,0,702,648
1,0,703,648
1,0,704,648
1,0,705,648
1,0,706,648
1,0,707,648
1,0,708,648
1,0,709,648
1,0,710,649
1,0,711,649
1,0,712,649
1,0,713,649
1,0,714,649
1,0,715,649
1,0,716,649
1,0,717,649
1,0,718,649
1,0,719,649
1,0,720,649
1,0,721,650
1,0,722,650
1,0,723,650
1,0,724,650
1,0,725,650
1,0,726,650
1,0,727,650
1,0,728,650
1,0,729,650
1,0,730,650
1,0,731,651
1,0,732,651
1,0,733,651
1,0,734,651
1,0,735,651
1,0,736,651
1,0,737,651
1,0,738,652
1,0,739,652
1,0,740,652
1,0,741,652
1,0,742,652
1,0,743,652
1,0,744,652
1,0,745,653
1,0,746,653
1,0,747,653
1,0,748,653
1,0,749,653
1,0,750,653
1,0,751,653
1,0,752,654
1,0,753,654
1,0,754,654
1,0,755,654
1,0,756,654
1,0,757,654
1,0,758,655
1,0,759,655
1,0,760,655
1,0,761,655
1,0,762,655
1,0,763,655
1,0,764,656
1,0,765,656
1,0,766,656
1,0,767,656
1,0,768,656
1,0,769,657
1,0,770,657
1,0,771,657
1,0,772,657
1,0,773,658
1,0,774,658
1,0,775,658
1,0,776,658
1,0,777,658
1,0,778,659
1,0,779,659
1,0,780,659
1,0,781,659
1,0,782,660
1,0,783,660
1,0,784,660
1,0,785,660
1,0,786,661
1,0,787,661
1,0,788,661
1,0,789,661
1,0,790,662
1,0,791,662
1,0,792,662
1,0,793,663
1,0,794,663
1,0,795,663
1,0,796,663
1,0,797,664
1,0,798,664
1,0,799,664
1,0,800,665
1,0,801,665
1,0,802,665
1,0,803,666
1,0,804,666
1,0,805,666
1,0,806,667
1,0,807,667
1,0,808,667
1,0,809,668
1,0,810,668
1,0,811,668
1,0,812,669
1,0,813,669
1,0,814,670
1,0,815,670
1,0,816,670
1,0,817,671
1,0,818,671
1,0,819,672
1,0,820,673
1,0,821,673
1,0,822,673
1,0,823,673
1,0,824,674
1,0,825,674
1,0,826,675
1,0,827,675
1,0,828,676
1,0,829,676
1,0,830,677
1,0,831,677
1,0,832,678
1,0,833,679
1,0,834,679
1,0,835,680
1,0,836,680
1,0,837,681
1,0,838,682
1,0,839,682
1,0,840,683
1,0,841,683
1,0,842,684
1,0,843,685
1,0,844,685
1,0,845,686
1,0,846,687
1,0,847,687
1,0,848,688
1,0,849,689
1,0,850,690
1,0,851,690
1,0,852,691
1,0,853,692
1,0,854,693
1,0,855,694
1,0,856,695
1,0,857,696
1,0,858,697
1,0,859,698
1,0,860,699
1,0,861,700
1,0,862,701
1,0,863,702
1,0,864,703
1,0,865,704
1,0,866,705
1,0,866,706
1,0,867,707
1,0,868,708
1,0,869,709
1,0,869,710
1,0,870,711
1,0,870,712
1,0,871,713
1,0,872,714
1,0,872,715
1,0,873,716
1,0,873,717
1,0,874,718
1,0,874,719
1,0,875,720
1,0,875,721
1,0,875,722
1,0,876,723
1,0,876,724
1,0,876,725
1,0,877,726
1,0,877,727
1,0,877,728
1,0,877,729
1,0,878,730
1,0,878,731
1,0,878,732
1,0,878,733
1,0,878,734
1,0,878,735
1,0,878,736
1,0,878,737
1,0,878,738
1,0,878,739
1,0,878,740
1,0,878,741
1,0,878,742
1,0,878,743
1,0,878,744
1,0,878,745
1,0,878,746
1,0,878,747
1,0,878,748
1,0,878,749
1,0,878,750
1,0,878,751
1,0,878,752
1,0,878,753
1,0,878,754
1,0,878,755
1,0,877,756
1,0,877,757
1,0,877,758
1,0,877,759
1,0,877,760
1,0,876,761
1,0,876,762
1,0,876,763
1,0,875,764
1,0,875,765
1,0,875,766
1,0,874,767
1,0,874,768
1,0,874,769
1,0,873,770
1,0,873,771
1,0,872,772
1,0,872,773
1,0,872,774
1,0,871,775
1,0,871,776
1,0,870,777
1,0,870,778
1,0,869,779
1,0,869,780
1,0,868,781
1,0,868,782
1,0,867,783
1,0,866,784
1,0,866,785
1,0,865,786
1,0,865,787
1,0,864,788
1,0,863,789
1,0,863,790
1,0,862,791
1,0,861,792
1,0,861,793
1,0,860,794
1,0,859,795
1,0,859,796
1,0,858,797
1,0,857,798
1,0,857,799
1,0,856,800
1,0,855,801
1,0,854,802
1,0,853,803
1,0,853,804
1,0,852,805
1,0,851,806
1,0,850,807
1,0,849,808
1,0,848,809
1,0,848,810
1,0,847,811
1,0,846,812
1,0,845,813
1,0,844,814
1,0,843,815
1,0,842,816
1,0,841,817
1,0,840,818
1,0,839,819
1,0,838,820
1,0,837,821
1,0,836,822
1,0,835,823
1,0,834,824
1,0,833,825
1,0,832,826
1,0,831,827
1,0,830,828
1,0,829,829
1,0,828,830
1,0,827,831
1,0,826,832
1,0,825,833
1,0,824,834
1,0,823,835
1,0,822,836
1,0,821,837
1,0,820,837
1,0,819,838
1,0,818,839
1,0,817,840
1,0,816,841
1,0,815,842
1,0,814,843
1,0,813,843
1,0,812,844
1,0,811,845
1,0,810,846
1,0,809,847
1,0,808,847
1,0,807,848
1,0,806,849
1,0,805,850
1,0,804,851
1,0,803,851
1,0,802,852
1,0,801,853
1,0,800,854
1,0,799,854
1,0,798,855
1,0,797,856
1,0,796,857
1,0,795,857
1,0,794,858
1,0,793,859
1,0,792,860
1,0,791,860
1,0,790,861
1,0,789,862
1,0,788,863
1,0,787,863
1,0,786,864
1,0,785,865
1,0,784,865
1,0,783,866
1,0,782,867
1,0,781,867
1,0,780,868
1,0,779,869
1,0,778,869
1,0,777,870
1,0,776,871
1,0,775,871
1,0,774,872
1,0,773,873
1,0,772,873
1,0,771,874
1,0,770,875
1,0,769,875
1,0,768,876
1,0,767,877
1,0,766,877
1,0,765,878
1,0,764,879
1,0,763,879
1,0,762,880
1,0,761,880
1,0,760,881
1,0,759,882
1,0,758,882
1,0,757,883
1,0,756,883
1,0,755,884
1,0,754,885
1,0,753,885
1,0,752,886
1,0,751,886
1,0,750,887
1,0,749,888
1,0,748,888
1,0,747,889
1,0,746,889
1,0,745,890
1,0,744,891
1,0,743,891
1,0,742,892
1,0,741,892
1,0,740,893
1,0,739,894
1,0,738,894
1,0,737,895
1,0,736,895
1,0,735,896
1,0,734,896
1,0,733,897
1,0,732,897
1,0,731,898
1,0,730,899
1,0,729,899
1,0,728,900
1,0,727,900
1,0,726,901
1,0,725,901
1,0,724,902
1,0,723,902
1,0,722,903
1,0,721,904
1,0,720,904
1,0,719,905
1,0,718,905
1,0,717,906
1,0,716,906
1,0,715,907
1,0,714,907
1,0,713,908
1,0,712,908
1,0,711,909
1,0,710,909
1,0,709,910
1,0,708,910
1,0,707,911
1,0,706,911
1,0,705,912
1,0,704,912
1,0,703,913
1,0,702,913
1,0,701,914
1,0,700,914
1,0,699,915
1,0,698,915
1,0,697,916
1,0,696,916
1,0,695,917
1,0,694,917
1,0,693,918
1,0,692,918
1,0,691,919
1,0,690,919
1,0,689,920
1,0,688,920
1,0,687,921
1,0,686,921
1,0,685,922
1,0,684,922
1,0,683,923
1,0,682,923
1,0,681,924
1,0,680,924
1,0,679,924
1,0,678,925
1,0,677,925
1,0,676,925
1,0,675,926
1,0,674,927
1,0,673,927
1,0,672,928
1,0,671,928
1,0,670,929
1,0,669,929
1,0,668,929
1,0,667,930
1,0,666,930
1,0,665,930
1,0,664,931
1,0,663,932
1,0,662,932
1,0,661,933
1,0,660,933
1,0,659,933
1,0,658,934
1,0,657,934
1,0,656,934
1,0,655,935
1,0,654,936
1,0,653,936
1,0,652,936
1,0,651,937
1,0,650,937
1,0,649,938
1,0,648,938
1,0,647,938
1,0,646,939
1,0,645,939
1,0,644,939
1,0,643,940
1,0,642,941
1,0,641,941
1,0,640,941
1,0,639,942
1,0,638,942
1,0,637,943
1,0,636,943
1,0,635,943
1,0,634,944
1,0,633,944
1,0,632,945
1,0,631,945
1,0,630,945
1,0,629,946
1,0,628,946
1,0,627,947
1,0,626,947
1,0,625,947
1,0,624,948
1,0,623,948
1,0,622,949
1,0,621,949
1,0,620,949
1,0,619,950
1,0,618,950
1,0,617,950
1,0,616,951
1,0,615,951
1,0,614,952
1,0,613,952
1,0,612,952
1,0,611,953
1,0,610,953
1,0,609,953
1,0,608,954
1,0,607,954
1,0,606,955
1,0,605,955
1,0,604,955
1,0,603,956
1,0,602,956
1,0,601,956
1,0,600,957
1,0,599,957
1,0,598,958
1,0,597,958
1,0,596,958
1,0,595,959
1,0,594,959
1,0,593,959
1,0,592,960
1,0,591,960
1,0,590,960
1,0,589,961
1,0,588,961
1,0,587,961
1,0,586,962
1,0,585,962
1,0,584,962
1,0,583,963
1,0,582,963
1,0,581,964
1,0,580,964
1,0,579,964
1,0,578,965
1,0,577,965
1,0,576,965
1,0,575,966
1,0,574,966
1,0,573,966
1,0,572,967
1,0,571,967
1,0,570,967
1,0,569,968
1,0,568,968
1,0,567,968
1,0,566,969
1,0,565,969
1,0,564,969
1,0,563,970
1,0,562,970
1,0,561,970
1,0,560,971
1,0,559,971
1,0,558,971
1,0,557,972
1,0,556,972
1,0,555,972
1,0,554,972
1,0,553,973
1,0,552,973
1,0,551,973
1,0,550,974
1,0,549,974
1,0,548,974
1,0,547,975
1,0,546,975
1,0,545,975
1,0,544,976
1,0,543,976
1,0,542,976
1,0,541,977
1,0,540,977
1,0,539,977
1,0,538,977
1,0,537,978
1,0,536,978
1,0,535,978
1,0,534,979
1,0,533,979
1,0,532,979
1,0,531,980
1,0,530,980
1,0,529,980
1,0,528,980
1,0,527,981
1,0,526,981
1,0,525,981
1,0,524,982
1,0,523,982
1,0,522,982
1,0,521,983
1,0,520,983
1,0,519,983
1,0,518,983
1,0,517,984
1,0,516,984
1,0,515,984
1,0,514,985
1,0,513,985
1,0,512,985
1,0,511,985
1,0,510,986
1,0,509,986
1,0,508,986
1,0,507,987
1,0,506,987
1,0,505,987
1,0,504,987
1,0,503,988
1,0,502,988
1,0,501,988
1,0,500,988
1,0,499,989
1,0,498,989
1,0,497,989
1,0,496,989
1,0,495,990
1,0,494,990
1,0,493,990
1,0,492,991
1,0,491,991
1,0,490,991
1,0,489,991
1,0,488,992
1,0,487,992
1,0,486,992
1,0,485,992
1,0,484,993
1,0,483,993
1,0,482,993
1,0,481,993
1,0,480,994
1,0,479,994
1,0,478,994
1,0,477,994
1,0,476,995
1,0,475,995
1,0,474,995
1,0,473,995
1,0,472,996
1,0,471,996
1,0,470,996
1,0,469,996
1,0,468,997
1,0,467,997
1,0,466,997
1,0,465,997
1,0,464,998
1,0,463,998
1,0,462,998
1,0,461,998
1,0,460,998
1,0,459,999
1,0,458,999
1,0,457,999
1,0,456,999
1,0,455,1000
1,0,454,1000
1,0,453,1000
1,0,452,1000
1,0,451,1001
1,0,450,1001
1,0,449,1001
1,0,448,1001
1,0,447,1001
1,0,446,1002
1,0,445,1002
1,0,444,1002
1,0,443,1002
1,0,442,1003
1,0,441,1003
1,0,440,1003
1,0,439,1003
1,0,438,1003
1,0,437,1004
1,0,436,1004
1,0,435,1004
1,0,434,1004
1,0,433,1004
1,0,432,1005
1,0,431,1005
1,0,430,1005
1,0,429,1005
1,0,428,1005
1,0,427,1006
1,0,426,1006
1,0,425,1006
1,0,424,1006
1,0,423,1006
1,0,422,1007
1,0,421,1007
1,0,420,1007
1,0,419,1007
1,0,418,1007
1,0,417,1008
1,0,416,1008
1,0,415,1008
1,0,414,1008
1,0,413,1008
1,0,412,1009
1,0,411,1009
1,0,410,1009
1,0,409,1009
1,0,408,1009
1,0,407,1010
1,0,406,1010
1,0,405,1010
1,0,404,1010
1,0,403,1010
1,0,402,1011
1,0,401,1011
1,0,400,1011
1,0,399,1011
1,0,398,1011
1,0,397,1012
1,0,396,1012
1,0,395,1012
1,0,394,1012
1,0,393,1012
1,0,392,1012
1,0,391,1013
1,0,390,1013
1,0,389,1013
1,0,388,1013
1,0,387,1013
1,0,386,1013
1,0,385,1014
1,0,384,1014
1,0,383,1014
1,0,382,1014
1,0,381,1014
1,0,380,1014
1,0,379,1015
1,0,378,1015
1,0,377,1015
1,0,376,1015
1,0,375,1015
1,0,374,1015
1,0,373,1016
1,0,372,1016
1,0,371,1016
1,0,370,1016
1,0,369,1016
1,0,368,1016
1,0,367,1017
1,0,366,1017
1,0,365,1017
1,0,364,1017
1,0,363,1017
1,0,362,1017
1,0,361,1017
1,0,360,1018
1,0,359,1018
1,0,358,1018
1,0,357,1018
1,0,356,1018
1,0,355,1018
1,0,354,1018
1,0,353,1019
1,0,352,1019
1,0,351,1019
1,0,350,1019
1,0,349,1019
1,0,348,1019
1,0,347,1019
1,0,346,1019
1,0,345,1020
1,0,344,1020
1,0,343,1020
1,0,342,1020
1,0,341,1020
1,0,340,1020
1,0,339,1020
1,0,338,1020
1,0,337,1021
1,0,336,1021
1,0,335,1021
1,0,334,1021
1,0,333,1021
1,0,332,1021
1,0,331,1021
1,0,330,1021
1,0,329,1022
1,0,328,1022
1,0,327,1022
1,0,326,1022
1,0,325,1022
1,0,324,1022
1,0,323,1022
1,0,322,1022
1,0,321,1022
1,0,320,1023
1,0,319,1023
1,0,318,1023
1,0,317,1023
1,0,316,1023
1,0,315,1023
1,0,314,1023
1,0,313,1023
1,0,312,1023
1,0,311,1023
1,0,310,1024
1,0,309,1024
1,0,308,1024
1,0,307,1024
1,0,306,1024
1,0,305,1024
1,0,304,1024
1,0,303,1024
1,0,302,1024
1,0,301,1024
1,0,300,1024
1,0,299,1025
1,0,298,1025
1,0,297,1025
1,0,296,1025
1,0,295,1025
1,0,294,1025
1,0,293,1025
1,0,292,1025
1,0,291,1025
1,0,290,1025
1,0,289,1025
1,0,288,1025
1,0,287,1025
1,0,286,1026
1,0,285,1026
1,0,284,1026
1,0,283,1026
1,0,282,1026
1,0,281,1026
1,0,280,1026
1,0,279,1026
1,0,278,1026
1,0,277,1026
1,0,276,1026
1,0,275,1026
1,0,274,1026
1,0,273,1026
1,0,272,1026
1,0,271,1026
1,0,270,1027
1,0,269,1027
1,0,268,1027
1,0,267,1027
1,0,266,1027
1,0,265,1027
1,0,264,1027
1,0,263,1027
1,0,262,1027
1,0,261,1027
1,0,260,1027
1,0,259,1027
1,0,258,1027
1,0,257,1027
1,0,256,1027
1,0,255,1027
1,0,254,1027
1,0,253,1027
1,0,252,1027
1,0,251,1027
1,0,250,1027
1,0,249,1027
1,0,248,1027
1,0,247,1027
1,0,246,1027
1,0,245,1027
1,0,244,1027
1,0,243,1028
1,0,242,1028
1,0,241,1028
1,0,240,1028
1,0,239,1028
1,0,238,1028
1,0,237,1028
1,0,236,1028
1,0,235,1028
1,0,234,1028
1,0,233,1028
1,0,232,1028
1,0,231,1028
1,0,230,1028
1,0,229,1028
1,0,228,1028
1,0,227,1028
1,0,226,1028
1,0,225,1028
1,0,224,1028
1,0,223,1028
1,0,222,1028
1,0,221,1028
1,0,220,1028
1,0,219,1028
1,0,218,1028
1,0,217,1028
1,0,216,1028
1,0,215,1028
1,0,214,1028
1,0,213,1028
1,0,212,1028
1,0,211,1028
1,0,210,1028
1,0,209,1028
1,0,208,1028
1,0,207,1028
1,0,206,1028
1,0,205,1028
1,0,204,1027
1,0,203,1027
1,0,202,1027
1,0,201,1027
1,0,200,1027
1,0,199,1027
1,0,198,1027
1,0,197,1027
1,0,196,1027
1,0,195,1027
1,0,194,1027
1,0,193,1027
1,0,192,1027
1,0,191,1027
1,0,190,1027
1,0,189,1027
1,0,188,1027
1,0,187,1027
1,0,186,1027
1,0,185,1027
1,0,184,1027
1,0,183,1027
1,0,182,1027
1,0,181,1027
1,0,180,1026
1,0,179,1026
1,0,178,1026
1,0,177,1026
1,0,176,1026
1,0,175,1026
1,0,174,1026
1,0,173,1026
1,0,172,1026
1,0,171,1026
1,0,170,1026
1,0,169,1026
1,0,168,1026
1,0,167,1026
1,0,166,1025
1,0,165,1025
1,0,164,1025
1,0,163,1025
1,0,162,1025
1,0,161,1025
1,0,160,1025
1,0,159,1025
1,0,158,1025
1,0,157,1025
1,0,156,1025
1,0,155,1024
1,0,154,1024
1,0,153,1024
1,0,152,1024
1,0,151,1024
1,0,150,1024
1,0,149,1024
1,0,148,1024
1,0,147,1024
1,0,146,1023
1,0,145,1023
1,0,144,1023
1,0,143,1023
1,0,142,1023
1,0,141,1023
1,0,140,1023
1,0,139,1023
1,0,138,1022
1,0,137,1022
1,0,136,1022
1,0,135,1022
1,0,134,1022
1,0,133,1022
1,0,132,1021
1,0,131,1021
1,0,130,1021
1,0,129,1021
1,0,128,1021
1,0,127,1021
1,0,126,1020
1,0,125,1020
1,0,124,1020
1,0,123,1020
1,0,122,1020
1,0,121,1019
1,0,120,1019
1,0,119,1019
1,0,118,1019
1,0,117,1019
1,0,116,1018
1,0,115,1018
1,0,114,1018
1,0,113,1018
1,0,112,1018
1,0,111,1017
1,0,110,1017
1,0,109,1017
1,0,108,1017
1,0,107,1017
1,0,106,1016
1,0,105,1016
1,0,104,1016
1,0,103,1016
1,0,102,1015
1,0,101,1015
1,0,100,1015
1,0,99,1015
1,0,98,1014
1,0,97,1014
1,0,96,1014
1,0,95,1014
1,0,94,1013
1,0,93,1013
1,0,92,1013
1,0,91,1012
1,0,90,1012
1,0,89,1012
1,0,88,1011
1,0,87,1011
1,0,86,1011
1,0,85,1010
1,0,84,1010
1,0,83,1010
1,0,82,1009
1,0,81,1009
1,0,80,1009
1,0,79,1008
1,0,78,1008
1,0,77,1008
1,0,76,1007
1,0,75,1007
1,0,74,1007
1,0,73,1006
1,0,72,1006
1,0,71,1006
1,0,70,1005
1,0,69,1005
1,0,68,1004
1,0,67,1004
1,0,66,1004
1,0,65,1003
1,0,64,1002
1,0,63,1002
1,0,62,1002
1,0,61,1001
1,0,60,1001
1,0,59,1001
1,0,58,1000
1,0,57,1000
1,0,56,999
1,0,55,999
1,0,54,998
1,0,53,997
1,0,52,997
1,0,51,996
1,0,50,996
1,0,49,995
1,0,48,995
1,0,47,994
1,0,46,993
1,0,45,993
1,0,44,992
1,0,43,992
1,0,42,991
1,0,41,990
1,0,40,990
1,0,39,989
1,0,38,988
1,0,37,988
1,0,36,987
1,0,35,986
1,0,34,985
1,0,33,984
1,0,32,984
1,0,31,983
1,0,30,982
1,0,29,981
1,0,28,980
1,0,27,979
1,0,26,978
1,0,25,977
1,0,24,976
1,0,23,975
1,0,22,974
1,0,21,973
1,0,20,972
1,0,19,971
1,0,19,970
1,0,18,969
1,0,17,968
1,0,16,967
1,0,16,966
1,0,15,965
1,0,15,964
1,0,14,963
1,0,13,962
1,0,13,961
1,0,12,960
1,0,12,959
1,0,11,958
1,0,11,957
1,0,10,956
1,0,10,955
1,0,9,954
1,0,9,953
1,0,8,952
1,0,8,951
1,0,8,950
1,0,8,949
1,0,7,948
1,0,7,947
1,0,7,946
1,0,7,945
1,0,7,944
1,0,6,943
1,0,6,942
1,0,6,941
1,0,6,940
1,0,6,939
1,0,6,938
1,0,5,937
1,0,5,936
1,0,5,935
1,0,5,934
1,0,5,933
1,0,5,932
1,0,5,931
1,0,5,930
1,0,5,929
1,0,6,928
1,0,6,927
1,0,6,926
1,0,6,925
1,0,6,924
1,0,6,923
1,0,6,922
1,0,7,921
1,0,7,920
1,0,7,919
1,0,7,918
1,0,7,917
1,0,8,916
1,0,8,915
1,0,8,914
1,0,8,913
1,0,9,912
1,0,9,911
1,0,9,910
1,0,10,909
1,0,10,908
1,0,10,907
1,0,11,906
1,0,11,905
1,0,12,904
1,0,12,903
1,0,12,902
1,0,13,901
1,0,13,900
1,0,14,899
1,0,14,898
1,0,15,897
1,0,15,896
1,0,16,895
1,0,17,894
1,0,17,893
1,0,18,892
1,0,18,891
1,0,19,890
1,0,20,889
1,0,20,888
1,0,21,887
1,0,21,886
1,0,22,885
1,0,23,884
1,0,23,883
1,0,24,882
1,0,25,881
1,0,25,880
1,0,26,879
1,0,27,878
1,0,27,877
1,0,28,876
1,0,29,875
1,0,30,874
1,0,30,873
1,0,31,872
1,0,32,871
1,0,33,870
1,0,34,869
1,0,35,868
1,0,35,867
1,0,36,866
1,0,37,865
1,0,38,864
1,0,39,863
1,0,40,862
1,0,41,861
1,0,42,860
1,0,43,859
1,0,43,858
1,0,44,857
1,0,45,856
1,0,46,855
1,0,47,854
1,0,48,853
1,0,49,852
1,0,50,851
1,0,51,850
1,0,52,849
1,0,53,848
1,0,54,847
1,0,55,846
1,0,56,846
1,0,57,845
1,0,58,844
1,0,59,843
1,0,60,842
1,0,61,841
1,0,62,840
1,0,63,839
1,0,64,838
1,0,65,837
1,0,66,837
1,0,67,836
1,0,68,835
1,0,69,834
1,0,70,833
1,0,71,832
1,0,72,831
1,0,73,831
1,0,74,830
1,0,75,829
1,0,76,828
1,0,77,827
1,0,78,827
1,0,79,826
1,0,80,825
1,0,81,824
1,0,82,823
1,0,83,823
1,0,84,822
1,0,85,821
1,0,86,820
1,0,87,820
1,0,88,819
1,0,89,818
1,0,90,817
1,0,91,817
1,0,92,816
1,0,93,815
1,0,94,814
1,0,95,814
1,0,96,813
1,0,97,812
1,0,98,812
1,0,99,811
1,0,100,810
1,0,101,810
1,0,102,809
1,0,103,808
1,0,104,807
1,0,105,807
1,0,106,806
1,0,107,805
1,0,108,805
1,0,109,804
1,0,110,803
1,0,111,803
1,0,112,802
1,0,113,801
1,0,114,801
1,0,115,800
1,0,116,800
1,0,117,799
1,0,118,798
1,0,119,798
1,0,120,797
1,0,121,796
1,0,122,796
1,0,123,795
1,0,124,795
1,0,125,794
1,0,126,793
1,0,127,793
1,0,128,792
1,0,129,792
1,0,130,791
1,0,131,790
1,0,132,790
1,0,133,789
1,0,134,789
1,0,135,788
1,0,136,787
1,0,137,787
1,0,138,786
1,0,139,786
1,0,140,785
1,0,141,784
1,0,142,784
1,0,143,783
1,0,144,783
1,0,145,782
1,0,146,781
1,0,147,781
1,0,148,780
1,0,149,780
1,0,150,779
1,0,151,779
1,0,152,778
1,0,153,777
1,0,154,777
1,0,155,776
1,0,156,776
1,0,157,775
1,0,158,775
1,0,159,774
1,0,160,774
1,0,161,773
1,0,162,773
1,0,163,772
1,0,164,771
1,0,165,771
1,0,166,770
1,0,167,770
1,0,168,769
1,0,169,769
1,0,170,768
1,0,171,768
1,0,172,767
1,0,173,767
1,0,174,766
1,0,175,766
1,0,176,765
1,0,177,765
1,0,178,764
1,0,179,764
1,0,180,763
1,0,181,763
1,0,182,762
1,0,183,762
1,0,184,761
1,0,185,761
1,0,186,760
1,0,187,760
1,0,188,759
1,0,189,759
1,0,190,758
1,0,191,758
1,0,192,757
1,0,193,757
1,0,194,756
1,0,195,756
1,0,196,755
1,0,197,755
1,0,198,754
1,0,199,754
1,0,200,753
1,0,201,753
1,0,202,752
1,0,203,752
1,0,204,751
1,0,205,751
1,0,206,751
1,0,207,751
1,0,208,750
1,0,209,749
1,0,210,749
1,0,211,749
1,0,211,748
1,0,211,747
1,0,211,746
1,0,210,745
1,0,210,744
1,0,209,743
1,0,208,742
1,0,208,741
1,0,207,740
1,0,206,739
1,0,206,738
1,0,205,737
1,0,204,736
1,0,204,735
1,0,203,734
1,0,203,733
1,0,202,732
1,0,201,731
1,0,201,730
1,0,200,729
1,0,199,728
1,0,199,727
1,0,198,726
1,0,198,725
1,0,197,724
1,0,196,723
1,0,196,722
1,0,195,721
1,0,194,720
1,0,194,719
1,0,193,718
1,0,193,717
1,0,192,716
1,0,191,715
1,0,191,714
1,0,190,713
1,0,190,712
1,0,189,711
1,0,188,710
1,0,188,709
1,0,187,708
1,0,187,707
1,0,186,706
1,0,186,705
1,0,185,704
1,0,184,703
1,0,184,702
1,0,183,701
1,0,183,700
1,0,182,699
1,0,182,698
1,0,181,697
1,0,180,696
1,0,180,695
1,0,179,694
1,0,179,693
1,0,178,692
1,0,178,691
1,0,177,690
1,0,176,689
1,0,176,688
1,0,175,687
1,0,175,686
1,0,174,685
1,0,174,684
1,0,173,683
1,0,173,682
1,0,172,681
1,0,172,680
1,0,171,679
1,0,171,678
1,0,170,677
1,0,169,676
1,0,169,675
1,0,168,674
1,0,168,673
1,0,167,672
1,0,167,671
1,0,166,670
1,0,166,669
1,0,165,668
1,0,165,667
1,0,164,666
1,0,164,665
1,0,163,664
1,0,163,663
1,0,162,662
1,0,162,661
1,0,161,660
1,0,161,659
1,0,160,658
1,0,160,657
1,0,159,656
1,0,159,655
1,0,158,654
1,0,158,653
1,0,157,652
1,0,157,651
1,0,156,650
1,0,156,649
1,0,155,648
1,0,155,647
1,0,154,646
1,0,154,645
1,0,153,644
1,0,153,643
1,0,152,642
1,0,152,641
1,0,152,640
1,0,152,639
1,0,151,638
1,0,150,637
1,0,150,636
1,0,149,635
1,0,149,634
1,0,148,633
1,0,148,632
1,0,147,631
1,0,147,630
1,0,146,629
1,0,146,628
1,0,146,627
1,0,146,626
1,0,145,625
1,0,144,624
1,0,144,623
1,0,143,622
1,0,143,621
1,0,142,620
1,0,142,619
1,0,142,618
1,0,142,617
1,0,141,616
1,0,140,615
1,0,140,614
1,0,139,613
1,0,139,612
1,0,139,611
1,0,139,610
1,0,138,609
1,0,137,608
1,0,137,607
1,0,136,606
1,0,136,605
1,0,136,604
1,0,136,603
1,0,135,602
1,0,134,601
1,0,134,600
1,0,133,599
1,0,133,598
1,0,133,597
1,0,132,596
1,0,132,595
1,0,131,594
1,0,131,593
1,0,131,592
1,0,130,591
1,0,130,590
1,0,129,589
1,0,129,588
1,0,129,587
1,0,128,586
1,0,128,585
1,0,127,584
1,0,127,583
1,0,127,582
1,0,126,581
1,0,126,580
1,0,126,579
1,0,125,578
1,0,125,577
1,0,124,576
1,0,124,575
1,0,124,574
1,0,123,573
1,0,123,572
1,0,122,571
1,0,122,570
1,0,122,569
1,0,121,568
1,0,121,567
1,0,121,566
1,0,120,565
1,0,120,564
1,0,120,563
1,0,119,562
1,0,119,561
1,0,118,560
1,0,118,559
1,0,118,558
1,0,117,557
1,0,117,556
1,0,117,555
1,0,116,554
1,0,116,553
1,0,116,552
1,0,115,551
1,0,115,550
1,0,115,549
1,0,114,548
1,0,114,547
1,0,114,546
1,0,113,545
1,0,113,544
1,0,113,543
1,0,112,542
1,0,112,541
1,0,112,540
1,0,111,539
1,0,111,538
1,0,111,537
1,0,110,536
1,0,110,535
1,0,110,534
1,0,109,533
1,0,109,532
1,0,109,531
1,0,108,530
1,0,108,529
1,0,108,528
1,0,107,527
1,0,107,526
1,0,107,525
1,0,106,524
1,0,106,523
1,0,106,522
1,0,105,521
1,0,105,520
1,0,105,519
1,0,105,518
1,0,104,517
1,0,104,516
1,0,104,515
1,0,103,514
1,0,103,513
1,0,103,512
1,0,102,511
1,0,102,510
1,0,102,509
1,0,102,508
1,0,101,507
1,0,101,506
1,0,101,505
1,0,100,504
1,0,100,503
1,0,100,502
1,0,100,501
1,0,99,500
1,0,99,499
1,0,99,498
1,0,98,497
1,0,98,496
1,0,98,495
1,0,98,494
1,0,97,493
1,0,97,492
1,0,97,491
1,0,97,490
1,0,96,489
1,0,96,488
1,0,96,487
1,0,95,486
1,0,95,485
1,0,95,484
1,0,95,483
1,0,94,482
1,0,94,481
1,0,94,480
1,0,94,479
1,0,93,478
1,0,93,477
1,0,93,476
1,0,93,475
1,0,92,474
1,0,92,473
1,0,92,472
1,0,92,471
1,0,91,470
1,0,91,469
1,0,91,468
1,0,91,467
1,0,90,466
1,0,90,465
1,0,90,464
1,0,90,463
1,0,90,462
1,0,89,461
1,0,89,460
1,0,89,459
1,0,89,458
1,0,88,457
1,0,88,456
1,0,88,455
1,0,88,454
1,0,87,453
1,0,87,452
1,0,87,451
1,0,87,450
1,0,87,449
1,0,86,448
1,0,86,447
1,0,86,446
1,0,86,445
1,0,85,444
1,0,85,443
1,0,85,442
1,0,85,441
1,0,85,440
1,0,84,439
1,0,84,438
1,0,84,437
1,0,84,436
1,0,84,435
1,0,83,434
1,0,83,433
1,0,83,432
1,0,83,431
1,0,82,430
1,0,82,429
1,0,82,428
1,0,82,427
1,0,82,426
1,0,81,425
1,0,81,424
1,0,81,423
1,0,81,422
1,0,81,421
1,0,80,420
1,0,80,419
1,0,80,418
1,0,80,417
1,0,80,416
1,0,80,415
1,0,79,414
1,0,79,413
1,0,79,412
1,0,79,411
1,0,79,410
1,0,78,409
1,0,78,408
1,0,78,407
1,0,78,406
1,0,78,405
1,0,77,404
1,0,77,403
1,0,77,402
1,0,77,401
1,0,77,400
1,0,77,399
1,0,76,398
1,0,76,397
1,0,76,396
1,0,76,395
1,0,76,394
1,0,76,393
1,0,75,392
1,0,75,391
1,0,75,390
1,0,75,389
1,0,75,388
1,0,75,387
1,0,74,386
1,0,74,385
1,0,74,384
1,0,74,383
1,0,74,382
1,0,74,381
1,0,73,380
1,0,73,379
1,0,73,378
1,0,73,377
1,0,73,376
1,0,73,375
1,0,72,374
1,0,72,373
1,0,72,372
1,0,72,371
1,0,72,370
1,0,72,369
1,0,72,368
1,0,71,367
1,0,71,366
1,0,71,365
1,0,71,364
1,0,71,363
1,0,71,362
1,0,71,361
1,0,71,360
1,0,70,359
1,0,70,358
1,0,70,357
1,0,70,356
1,0,70,355
1,0,70,354
1,0,70,353
1,0,70,352
1,0,69,351
1,0,69,350
1,0,69,349
1,0,69,348
1,0,69,347
1,0,69,346
1,0,69,345
1,0,69,344
1,0,69,343
1,0,68,342
1,0,68,341
1,0,68,340
1,0,68,339
1,0,68,338
1,0,68,337
1,0,68,336
1,0,68,335
1,0,68,334
1,0,68,333
1,0,68,332
1,0,67,331
1,0,67,330
1,0,67,329
1,0,67,328
1,0,67,327
1,0,67,326
1,0,67,325
1,0,67,324
1,0,67,323
1,0,67,322
1,0,67,321
1,0,67,320
1,0,67,319
1,0,67,318
1,0,67,317
1,0,66,316
1,0,66,315
1,0,66,314
1,0,66,313
1,0,66,312
1,0,66,311
1,0,66,310
1,0,66,309
1,0,66,308
1,0,66,307
1,0,66,306
1,0,66,305
1,0,66,304
1,0,66,303
1,0,66,302
1,0,66,301
1,0,66,300
1,0,66,299
1,0,66,298
1,0,66,297
1,0,66,296
1,0,66,295
1,0,66,294
1,0,66,293
1,0,66,292
1,0,66,291
1,0,66,290
1,0,65,289
1,0,65,288
1,0,65,287
1,0,65,286
1,0,65,285
1,0,65,284
1,0,66,283
1,0,66,282
1,0,66,281
1,0,66,280
1,0,66,279
1,0,66,278
1,0,66,277
1,0,66,276
1,0,66,275
1,0,66,274
1,0,66,273
1,0,66,272
1,0,66,271
1,0,66,270
1,0,66,269
1,0,66,268
1,0,66,267
1,0,66,266
1,0,66,265
1,0,66,264
1,0,66,263
1,0,66,262
1,0,66,261
1,0,66,260
1,0,67,259
1,0,67,258
1,0,67,257
1,0,67,256
1,0,67,255
1,0,67,254
1,0,67,253
1,0,67,252
1,0,67,251
1,0,67,250
1,0,67,249
1,0,67,248
1,0,68,247
1,0,68,246
1,0,68,245
1,0,68,244
1,0,68,243
1,0,68,242
1,0,68,241
1,0,68,240
1,0,69,239
1,0,69,238
1,0,69,237
1,0,69,236
1,0,69,235
1,0,69,234
1,0,69,233
1,0,70,232
1,0,70,231
1,0,70,230
1,0,70,229
1,0,70,228
1,0,70,227
1,0,71,226
1,0,71,225
1,0,71,224
1,0,71,223
1,0,71,222
1,0,71,221
1,0,72,220
1,0,72,219
1,0,72,218
1,0,72,217
1,0,72,216
1,0,73,215
1,0,73,214
1,0,73,213
1,0,73,212
1,0,74,211
1,0,74,210
1,0,74,209
1,0,74,208
1,0,75,207
1,0,75,206
1,0,75,205
1,0,75,204
1,0,76,203
1,0,76,202
1,0,76,201
1,0,76,200
1,0,77,199
1,0,77,198
1,0,77,197
1,0,77,196
1,0,78,195
1,0,78,194
1,0,78,193
1,0,79,192
1,0,79,191
1,0,79,190
1,0,79,189
1,0,80,188
1,0,80,187
1,0,80,186
1,0,81,185
1,0,81,184
1,0,81,183
1,0,82,182
1,0,82,181
1,0,82,180
1,0,83,179
1,0,83,178
1,0,84,177
1,0,84,176
1,0,84,175
1,0,85,174
1,0,85,173
1,0,85,172
1,0,86,171
1,0,86,170
1,0,87,169
1,0,87,168
1,0,87,167
1,0,88,166
1,0,88,165
1,0,89,164
1,0,90,163
1,0,90,162
1,0,90,161
1,0,90,160
1,0,91,159
1,0,91,158
1,0,92,157
1,0,92,156
1,0,93,155
1,0,93,154
1,0,94,153
1,0,94,152
1,0,95,151
1,0,95,150
1,0,96,149
1,0,96,148
1,0,97,147
1,0,97,146
1,0,98,145
1,0,98,144
1,0,99,143
1,0,99,142
1,0,100,141
1,0,100,140
1,0,101,139
1,0,101,138
1,0,102,137
1,0,103,136
1,0,103,135
1,0,104,134
1,0,104,133
1,0,105,132
1,0,106,131
1,0,106,130
1,0,107,129
1,0,107,128
1,0,108,127
1,0,109,126
1,0,109,125
1,0,110,124
1,0,110,123
1,0,111,122
1,0,112,121
1,0,112,120
1,0,113,119
1,0,114,118
1,0,114,117
1,0,115,116
1,0,116,115
1,0,116,114
1,0,117,113
1,0,118,112
1,0,119,111
1,0,119,110
1,0,120,109
1,0,121,108
1,0,122,107
1,0,122,106
1,0,123,105
1,0,124,104
1,0,125,103
1,0,125,102
1,0,126,101
1,0,127,100
1,0,128,99
1,0,129,98
1,0,130,97
1,0,130,96
1,0,131,95
1,0,132,94
1,0,133,93
1,0,134,92
1,0,135,91
1,0,136,90
1,0,137,89
1,0,137,88
1,0,138,87
1,0,139,86
1,0,140,85
1,0,141,84
1,0,142,83
1,0,143,82
1,0,144,81
1,0,145,80
1,0,146,79
1,0,147,78
1,0,148,77
1,0,149,76
1,0,150,75
1,0,151,74
1,0,152,73
1,0,153,73
1,0,154,72
1,0,155,71
1,0,156,70
1,0,157,69
1,0,158,68
1,0,159,67
1,0,160,66
1,0,161,65
1,0,162,65
1,0,163,64
1,0,164,63
1,0,165,62
1,0,166,61
1,0,167,61
1,0,168,60
1,0,169,59
1,0,170,58
1,0,171,57
1,0,172,57
1,0,173,56
1,0,174,55
1,0,175,54
1,0,176,54
1,0,177,53
1,0,178,52
1,0,179,52
1,0,180,51
1,0,181,50
1,0,182,49
1,0,183,49
1,0,184,48
1,0,185,47
1,0,186,47
1,0,187,46
1,0,188,46
1,0,189,45
1,0,190,44
1,0,191,44
1,0,192,43
1,0,193,42
1,0,194,42
1,0,195,41
1,0,196,41
1,0,197,40
1,0,198,39
1,0,199,39
1,0,200,38
1,0,201,38
1,0,202,37
1,0,203,37
1,0,204,36
1,0,205,35
1,0,206,35
1,0,207,34
1,0,208,34
1,0,209,33
1,0,210,33
1,0,211,32
1,0,212,32
1,0,213,31
1,0,214,31
1,0,215,30
1,0,216,30
1,0,217,29
1,0,218,29
1,0,219,28
1,0,220,28
1,0,221,27
1,0,222,27
1,0,223,27
1,0,224,27
1,0,225,26
1,0,226,25
1,0,227,25
1,0,228,24
1,0,229,24
1,0,230,24
1,0,231,23
1,0,232,23
1,0,233,22
1,0,234,22
1,0,235,22
1,0,236,21
1,0,237,21
1,0,238,21
1,0,239,20
1,0,240,20
1,0,241,20
1,0,242,19
1,0,243,19
1,0,244,18
1,0,245,18
1,0,246,18
1,0,247,18
1,0,248,17
1,0,249,17
1,0,250,17
1,0,251,16
1,0,252,16
1,0,253,16
1,0,254,16
1,0,255,15
1,0,256,15
1,0,257,15
1,0,258,14
1,0,259,14
1,0,260,14
1,0,261,14
1,0,262,13
1,0,263,13
1,0,264,13
1,0,265,13
1,0,266,12
1,0,267,12
1,0,268,12
1,0,269,12
1,0,270,12
1,0,271,11
1,0,272,11
1,0,273,11
1,0,274,11
1,0,275,11
1,0,276,10
1,0,277,10
1,0,278,10
1,0,279,10
1,0,280,10
1,0,281,9
1,0,282,9
1,0,283,9
1,0,284,9
1,0,285,9
1,0,286,9
1,0,287,8
1,0,288,8
1,0,289,8
1,0,290,8
1,0,291,8
1,0,292,8
1,0,293,8
1,0,294,7
1,0,295,7
1,0,296,7
1,0,297,7
1,0,298,7
1,0,299,7
1,0,300,7
1,0,301,7
1,0,302,7
1,0,303,6
1,0,304,6
1,0,305,6
1,0,306,6
1,0,307,6
1,0,308,6
1,0,309,6
1,0,310,6
1,0,311,6
1,0,312,6
1,0,313,6
2,0,491,664
2,0,491,665
2,0,490,666
2,0,490,667
2,0,489,668
2,0,489,669
2,0,488,670
2,0,488,671
2,0,487,672
2,0,487,673
2,0,486,674
2,0,486,675
2,0,485,676
2,0,485,677
2,0,484,678
2,0,484,679
2,0,483,680
2,0,483,681
2,0,482,682
2,0,482,683
2,0,481,684
2,0,481,685
2,0,480,686
2,0,480,687
2,0,479,688
2,0,479,689
2,0,478,690
2,0,478,691
2,0,477,692
2,0,477,693
2,0,476,694
2,0,476,695
2,0,475,696
2,0,474,697
2,0,474,698
2,0,474,699
2,0,473,700
2,0,473,701
2,0,473,702
2,0,472,703
2,0,472,704
2,0,471,705
2,0,471,706
2,0,470,707
2,0,470,708
2,0,469,709
2,0,469,710
2,0,468,711
2,0,468,712
2,0,467,713
2,0,467,714
2,0,466,715
2,0,466,716
2,0,465,717
2,0,465,718
2,0,464,719
2,0,464,720
2,0,463,721
2,0,463,722
2,0,462,723
2,0,462,724
2,0,461,725
2,0,461,726
2,0,460,727
2,0,460,728
2,0,459,729
2,0,459,730
2,0,458,731
2,0,458,732
2,0,457,733
2,0,456,734
2,0,456,735
2,0,455,736
2,0,455,737
2,0,454,738
2,0,454,739
2,0,453,740
2,0,453,741
2,0,452,742
2,0,452,743
2,0,451,744
2,0,451,745
2,0,450,746
2,0,450,747
2,0,449,748
2,0,449,749
2,0,448,750
2,0,447,751
2,0,447,752
2,0,446,753
2,0,446,754
2,0,445,755
2,0,445,756
2,0,444,757
2,0,444,758
2,0,443,759
2,0,442,760
2,0,442,761
2,0,441,762
2,0,441,763
2,0,440,764
2,0,440,765
2,0,439,766
2,0,438,767
2,0,438,768
2,0,437,769
2,0,437,770
2,0,436,771
2,0,435,772
2,0,435,773
2,0,434,774
2,0,434,775
2,0,433,776
2,0,432,777
2,0,432,778
2,0,431,779
2,0,431,780
2,0,430,781
2,0,429,782
2,0,429,783
2,0,428,784
2,0,428,785
2,0,427,786
2,0,426,787
2,0,426,788
2,0,425,789
2,0,425,790
2,0,424,791
2,0,423,792
2,0,423,793
2,0,422,794
2,0,421,795
2,0,421,796
2,0,420,797
2,0,420,798
2,0,419,799
2,0,418,800
2,0,418,801
2,0,417,802
2,0,416,803
2,0,416,804
2,0,415,805
2,0,414,806
2,0,413,807
2,0,413,808
2,0,412,809
2,0,411,810
2,0,411,811
2,0,410,812
2,0,409,813
2,0,408,814
2,0,408,815
2,0,407,816
2,0,406,817
2,0,405,818
2,0,404,819
2,0,404,820
2,0,403,821
2,0,402,822
2,0,401,823
2,0,400,824
2,0,399,825
2,0,399,826
2,0,398,827
2,0,397,828
2,0,396,829
2,0,395,830
2,0,394,831
2,0,393,832
2,0,392,833
2,0,391,834
2,0,390,835
2,0,389,836
2,0,388,837
2,0,387,838
2,0,386,839
2,0,385,840
2,0,384,841
2,0,383,842
2,0,382,843
2,0,381,844
2,0,380,845
2,0,379,846
2,0,378,846
2,0,377,847
2,0,376,848
2,0,375,849
2,0,374,850
2,0,373,850
2,0,372,851
2,0,371,852
2,0,370,852
2,0,369,853
2,0,368,853
2,0,367,854
2,0,366,855
2,0,365,855
2,0,364,856
2,0,363,856
2,0,362,857
2,0,361,857
2,0,360,858
2,0,359,858
2,0,358,859
2,0,357,859
2,0,356,859
2,0,355,860
2,0,354,860
2,0,353,860
2,0,352,861
2,0,351,861
2,0,350,861
2,0,349,862
2,0,348,862
2,0,347,862
2,0,346,862
2,0,345,862
2,0,344,863
2,0,343,863
2,0,342,863
2,0,341,863
2,0,340,863
2,0,339,863
2,0,338,863
2,0,337,863
2,0,336,863
2,0,335,863
2,0,334,863
2,0,333,863
2,0,332,863
2,0,331,863
2,0,330,863
2,0,329,863
2,0,328,863
2,0,327,863
2,0,326,863
2,0,325,863
2,0,324,863
2,0,323,862
2,0,322,862
2,0,321,862
2,0,320,862
2,0,319,862
2,0,318,861
2,0,317,861
2,0,316,861
2,0,315,860
2,0,314,860
2,0,313,860
2,0,312,859
2,0,311,859
2,0,310,858
2,0,309,858
2,0,308,858
2,0,307,857
2,0,306,857
2,0,305,856
2,0,304,856
2,0,303,855
2,0,302,854
2,0,301,854
2,0,300,853
2,0,299,853
2,0,298,852
2,0,297,851
2,0,296,851
2,0,295,850
2,0,294,849
2,0,293,849
2,0,292,848
2,0,291,847
2,0,290,846
2,0,289,845
2,0,288,844
2,0,287,843
2,0,286,843
2,0,285,842
2,0,284,841
2,0,283,840
2,0,282,839
2,0,281,838
2,0,280,837
2,0,279,836
2,0,278,835
2,0,277,834
2,0,276,833
2,0,275,832
2,0,274,831
2,0,273,830
2,0,272,829
2,0,271,828
2,0,270,827
2,0,270,826
2,0,269,825
2,0,268,824
2,0,267,823
2,0,266,822
2,0,265,821
2,0,264,820
2,0,264,819
2,0,263,818
2,0,262,817
2,0,261,816
2,0,260,815
2,0,259,814
2,0,259,813
2,0,258,812
2,0,257,811
2,0,256,810
2,0,255,809
2,0,255,808
2,0,254,807
2,0,253,806
2,0,252,805
2,0,252,804
2,0,251,803
2,0,250,802
2,0,249,801
2,0,249,800
2,0,248,799
2,0,247,798
2,0,246,797
2,0,246,796
2,0,245,795
2,0,244,794
2,0,243,793
2,0,243,792
2,0,242,791
2,0,241,790
2,0,241,789
2,0,240,788
2,0,239,787
2,0,238,786
2,0,238,785
2,0,237,784
2,0,236,783
2,0,236,782
2,0,235,781
2,0,234,780
2,0,233,779
2,0,233,778
2,0,232,777
2,0,231,776
2,0,230,775
2,0,230,774
2,0,229,773
2,0,228,772
2,0,228,771
2,0,227,770
2,0,226,769
2,0,225,768
2,0,225,767
2,0,224,766
2,0,223,765
2,0,223,764
2,0,222,763
2,0,221,762
2,0,221,761
2,0,220,760
2,0,219,759
2,0,219,758
2,0,218,757
2,0,217,756
2,0,217,755
2,0,216,754
2,0,215,753
2,0,215,752
2,0,214,751
2,0,213,750
2,0,213,749
2,0,213,750
2,0,213,751
2,0,214,752
2,0,215,753
2,0,216,754
2,0,216,755
2,0,217,756
2,0,218,757
2,0,218,758
2,0,219,759
2,0,220,760
2,0,220,761
2,0,221,762
2,0,222,763
2,0,222,764
2,0,223,765
2,0,224,766
2,0,224,767
2,0,225,768
2,0,226,769
2,0,226,770
2,0,227,771
2,0,228,772
2,0,229,773
2,0,229,774
2,0,230,775
2,0,231,776
2,0,231,777
2,0,232,778
2,0,233,779
2,0,234,780
2,0,234,781
2,0,235,782
2,0,236,783
2,0,237,784
2,0,237,785
2,0,238,786
2,0,239,787
2,0,239,788
2,0,240,789
2,0,241,790
2,0,242,791
2,0,242,792
2,0,243,793
2,0,244,794
2,0,244,795
2,0,245,796
2,0,246,797
2,0,247,798
2,0,247,799
2,0,248,800
2,0,249,801
2,0,250,802
2,0,250,803
2,0,251,804
2,0,252,805
2,0,253,806
2,0,253,807
2,0,254,808
2,0,255,809
2,0,256,810
2,0,256,811
2,0,257,812
2,0,258,813
2,0,259,814
2,0,260,815
2,0,260,816
2,0,261,817
2,0,262,818
2,0,263,819
2,0,264,820
2,0,265,821
2,0,265,822
2,0,266,823
2,0,267,824
2,0,268,825
2,0,269,826
2,0,270,827
2,0,271,828
2,0,271,829
2,0,272,830
2,0,273,831
2,0,274,832
2,0,275,833
2,0,276,834
2,0,277,835
2,0,278,836
2,0,279,837
2,0,280,838
2,0,281,839
2,0,282,840
2,0,283,841
2,0,284,842
2,0,285,842
2,0,286,843
2,0,287,844
2,0,288,845
2,0,289,846
2,0,290,847
2,0,291,848
2,0,292,848
2,0,293,849
2,0,294,850
2,0,295,850
2,0,296,851
2,0,297,852
2,0,298,852
2,0,299,853
2,0,300,854
2,0,301,854
2,0,302,855
2,0,303,855
2,0,304,856
2,0,305,856
2,0,306,857
2,0,307,858
2,0,308,858
2,0,309,858
2,0,310,858
2,0,311,859
2,0,312,859
2,0,313,860
2,0,314,860
2,0,315,860
2,0,316,861
2,0,317,861
2,0,318,861
2,0,319,862
2,0,320,862
2,0,321,862
2,0,322,862
2,0,323,862
2,0,324,863
2,0,325,863
2,0,326,863
2,0,327,863
2,0,328,863
2,0,329,863
2,0,330,863
2,0,331,863
2,0,332,863
2,0,333,863
2,0,334,863
2,0,335,863
2,0,336,863
2,0,337,863
2,0,338,863
2,0,339,863
2,0,340,863
2,0,341,863
2,0,342,863
2,0,343,863
2,0,344,863
2,0,345,862
2,0,346,862
2,0,347,862
2,0,348,862
2,0,349,862
2,0,350,861
2,0,351,861
2,0,352,861
2,0,353,860
2,0,354,860
2,0,355,860
2,0,356,859
2,0,357,859
2,0,358,859
2,0,359,859
2,0,360,858
2,0,361,857
2,0,362,857
2,0,363,856
2,0,364,856
2,0,365,855
2,0,366,855
2,0,367,854
2,0,368,854
2,0,369,853
2,0,370,853
2,0,371,852
2,0,372,851
2,0,373,851
2,0,374,850
2,0,375,849
2,0,376,849
2,0,377,848
2,0,378,847
2,0,379,846
2,0,380,845
2,0,381,845
2,0,382,844
2,0,383,843
2,0,384,842
2,0,385,841
2,0,386,840
2,0,387,839
2,0,388,838
2,0,389,837
2,0,390,836
2,0,391,835
2,0,392,834
2,0,393,833
2,0,394,832
2,0,395,831
2,0,396,830
2,0,397,829
2,0,398,828
2,0,398,827
2,0,399,826
2,0,400,825
2,0,401,824
2,0,402,823
2,0,403,822
2,0,403,821
2,0,404,820
2,0,405,819
2,0,406,818
2,0,407,817
2,0,407,816
2,0,408,815
2,0,409,814
2,0,410,813
2,0,410,812
2,0,411,811
2,0,412,810
2,0,412,809
2,0,413,808
2,0,414,807
2,0,415,806
2,0,415,805
2,0,416,804
2,0,417,803
2,0,417,802
2,0,418,801
2,0,419,800
2,0,419,799
2,0,420,798
2,0,421,797
2,0,421,796
2,0,422,795
2,0,423,794
2,0,423,793
2,0,424,792
2,0,424,791
2,0,425,790
2,0,426,789
2,0,426,788
2,0,427,787
2,0,428,786
2,0,428,785
2,0,429,784
2,0,429,783
2,0,430,782
2,0,431,781
2,0,431,780
2,0,432,779
2,0,432,778
2,0,433,777
2,0,434,776
2,0,434,775
2,0,435,774
2,0,435,773
2,0,436,772
2,0,437,771
2,0,437,770
2,0,438,769
2,0,438,768
2,0,439,767
2,0,439,766
2,0,440,765
2,0,441,764
2,0,441,763
2,0,442,762
2,0,442,761
2,0,443,760
2,0,443,759
2,0,444,758
2,0,444,757
2,0,445,756
2,0,446,755
2,0,446,754
2,0,447,753
2,0,447,752
2,0,448,751
2,0,448,750
2,0,449,749
2,0,449,748
2,0,450,747
2,0,450,746
2,0,451,745
2,0,451,744
2,0,452,743
2,0,452,742
2,0,453,741
2,0,453,740
2,0,454,739
2,0,455,738
2,0,455,737
2,0,456,736
2,0,456,735
2,0,457,734
2,0,457,733
2,0,458,732
2,0,458,731
2,0,459,730
2,0,459,729
2,0,460,728
2,0,460,727
2,0,461,726
2,0,461,725
2,0,462,724
2,0,462,723
2,0,463,722
2,0,463,721
2,0,464,720
2,0,464,719
2,0,465,718
2,0,465,717
2,0,466,716
2,0,466,715
2,0,467,714
2,0,467,713
2,0,468,712
2,0,468,711
2,0,469,710
2,0,469,709
2,0,470,708
2,0,470,707
2,0,471,706
2,0,471,705
2,0,472,704
2,0,473,703
2,0,473,702
2,0,473,701
2,0,473,700
2,0,474,699
2,0,474,698
2,0,475,697
2,0,475,696
2,0,476,695
2,0,476,694
2,0,477,693
2,0,477,692
2,0,478,691
2,0,478,690
2,0,479,689
2,0,479,688
2,0,480,687
2,0,480,686
2,0,481,685
2,0,481,684
2,0,482,683
2,0,482,682
2,0,483,681
2,0,483,680
2,0,484,679
2,0,484,678
2,0,485,677
2,0,485,676
2,0,486,675
2,0,486,674
2,0,487,673
2,0,487,672
2,0,488,671
2,0,488,670
2,0,489,669
2,0,489,668
2,0,490,667
2,0,490,666
2,0,491,665
2,0,492,664
3,0,343,129
3,0,342,130
3,0,341,130
3,0,340,130
3,0,339,130
3,0,338,130
3,0,337,130
3,0,336,130
3,0,335,131
3,0,334,131
3,0,333,131
3,0,332,131
3,0,331,131
3,0,330,131
3,0,329,132
3,0,328,132
3,0,327,132
3,0,326,132
3,0,325,132
3,0,324,132
3,0,323,133
3,0,322,133
3,0,321,133
3,0,320,133
3,0,319,134
3,0,318,134
3,0,317,134
3,0,316,134
3,0,315,135
3,0,314,135
3,0,313,135
3,0,312,136
3,0,311,136
3,0,310,136
3,0,309,136
3,0,308,137
3,0,307,137
3,0,306,137
3,0,305,138
3,0,304,138
3,0,303,139
3,0,302,139
3,0,301,139
3,0,300,140
3,0,299,140
3,0,298,140
3,0,297,141
3,0,296,142
3,0,295,142
3,0,294,143
3,0,293,143
3,0,292,144
3,0,291,144
3,0,290,145
3,0,289,145
3,0,288,146
3,0,287,146
3,0,286,147
3,0,285,147
3,0,284,148
3,0,283,148
3,0,282,149
3,0,281,150
3,0,280,150
3,0,279,151
3,0,278,152
3,0,277,152
3,0,276,153
3,0,275,154
3,0,274,154
3,0,273,155
3,0,272,156
3,0,271,157
3,0,270,157
3,0,269,158
3,0,268,159
3,0,267,160
3,0,266,160
3,0,265,161
3,0,264,162
3,0,263,163
3,0,262,164
3,0,261,165
3,0,260,166
3,0,259,167
3,0,258,167
3,0,257,168
3,0,256,169
3,0,255,170
3,0,255,171
3,0,254,172
3,0,253,173
3,0,252,174
3,0,251,175
3,0,250,176
3,0,249,177
3,0,248,178
3,0,248,179
3,0,247,180
3,0,246,181
3,0,245,182
3,0,245,183
3,0,244,184
3,0,243,185
3,0,243,186
3,0,242,187
3,0,241,188
3,0,241,189
3,0,240,190
3,0,239,191
3,0,239,192
3,0,238,193
3,0,238,194
3,0,237,195
3,0,237,196
3,0,236,197
3,0,236,198
3,0,235,199
3,0,235,200
3,0,234,201
3,0,234,202
3,0,233,203
3,0,233,204
3,0,232,205
3,0,231,206
3,0,231,207
3,0,231,208
3,0,230,209
3,0,230,210
3,0,230,211
3,0,229,212
3,0,229,213
3,0,229,214
3,0,228,215
3,0,228,216
3,0,228,217
3,0,227,218
3,0,227,219
3,0,227,220
3,0,226,221
3,0,226,222
3,0,226,223
3,0,226,224
3,0,225,225
3,0,225,226
3,0,225,227
3,0,225,228
3,0,225,229
3,0,224,230
3,0,224,231
3,0,224,232
3,0,224,233
3,0,224,234
3,0,223,235
3,0,223,236
3,0,223,237
3,0,223,238
3,0,223,239
3,0,223,240
3,0,223,241
3,0,222,242
3,0,222,243
3,0,222,244
3,0,222,245
3,0,222,246
3,0,222,247
3,0,222,248
3,0,222,249
3,0,222,250
3,0,222,251
3,0,221,252
3,0,221,253
3,0,221,254
3,0,221,255
3,0,221,256
3,0,221,257
3,0,221,258
3,0,221,259
3,0,221,260
3,0,221,261
3,0,222,262
3,0,222,263
3,0,222,264
3,0,222,265
3,0,222,266
3,0,222,267
3,0,222,268
3,0,222,269
3,0,222,270
3,0,223,271
3,0,223,272
3,0,223,273
3,0,223,274
3,0,223,275
3,0,223,276
3,0,224,277
3,0,224,278
3,0,224,279
3,0,224,280
3,0,224,281
3,0,224,282
3,0,225,283
3,0,225,284
3,0,225,285
3,0,225,286
3,0,226,287
3,0,226,288
3,0,226,289
3,0,227,290
3,0,227,291
3,0,227,292
3,0,227,293
3,0,228,294
3,0,228,295
3,0,229,296
3,0,229,297
3,0,229,298
3,0,230,299
3,0,230,300
3,0,230,301
3,0,231,302
3,0,232,303
3,0,232,304
3,0,233,305
3,0,233,306
3,0,234,307
3,0,234,308
3,0,235,309
3,0,235,310
3,0,236,311
3,0,236,312
3,0,237,313
3,0,237,314
3,0,238,315
3,0,239,316
3,0,239,317
3,0,240,318
3,0,241,319
3,0,241,320
3,0,242,321
3,0,243,322
3,0,243,323
3,0,244,324
3,0,245,325
3,0,246,326
3,0,247,327
3,0,247,328
3,0,248,329
3,0,249,330
3,0,250,331
3,0,251,332
3,0,252,333
3,0,253,334
3,0,254,335
3,0,255,336
3,0,256,337
3,0,257,338
3,0,258,338
3,0,259,339
3,0,260,340
3,0,261,341
3,0,262,342
3,0,263,342
3,0,264,343
3,0,265,344
3,0,266,345
3,0,267,345
3,0,268,346
3,0,269,347
3,0,270,347
3,0,271,348
3,0,272,349
3,0,273,349
3,0,274,350
3,0,275,350
3,0,276,351
3,0,277,351
3,0,278,352
3,0,279,352
3,0,280,353
3,0,281,353
3,0,282,354
3,0,283,355
3,0,284,355
3,0,285,355
3,0,286,355
3,0,287,356
3,0,288,356
3,0,289,357
3,0,290,357
3,0,291,357
3,0,292,358
3,0,293,358
3,0,294,358
3,0,295,359
3,0,296,359
3,0,297,359
3,0,298,360
3,0,299,360
3,0,300,360
3,0,301,361
3,0,302,361
3,0,303,361
3,0,304,361
3,0,305,362
3,0,306,362
3,0,307,362
3,0,308,362
3,0,309,362
3,0,310,363
3,0,311,363
3,0,312,363
3,0,313,363
3,0,314,363
3,0,315,363
3,0,316,363
3,0,317,363
3,0,318,363
3,0,319,364
3,0,320,364
3,0,321,364
3,0,322,364
3,0,323,364
3,0,324,364
3,0,325,364
3,0,326,364
3,0,327,364
3,0,328,364
3,0,329,364
3,0,330,364
3,0,331,364
3,0,332,364
3,0,333,364
3,0,334,364
3,0,335,363
3,0,336,363
3,0,337,363
3,0,338,363
3,0,339,363
3,0,340,363
3,0,341,363
3,0,342,363
3,0,343,363
3,0,344,362
3,0,345,362
3,0,346,362
3,0,347,362
3,0,348,362
3,0,349,361
3,0,350,361
3,0,351,361
3,0,352,360
3,0,353,360
3,0,354,360
3,0,355,359
3,0,356,359
3,0,357,359
3,0,358,358
3,0,359,358
3,0,360,358
3,0,361,357
3,0,362,357
3,0,363,357
3,0,364,357
3,0,365,356
3,0,366,355
3,0,367,355
3,0,368,354
3,0,369,354
3,0,370,353
3,0,371,353
3,0,372,352
3,0,373,352
3,0,374,351
3,0,375,351
3,0,376,350
3,0,377,350
3,0,378,349
3,0,379,348
3,0,380,348
3,0,381,347
3,0,382,346
3,0,383,346
3,0,384,345
3,0,385,344
3,0,386,343
3,0,387,343
3,0,388,342
3,0,389,341
3,0,390,340
3,0,391,340
3,0,392,339
3,0,393,338
3,0,394,337
3,0,395,336
3,0,396,335
3,0,397,335
3,0,398,334
3,0,399,333
3,0,400,332
3,0,401,331
3,0,402,330
3,0,403,329
3,0,404,328
3,0,405,327
3,0,406,326
3,0,407,325
3,0,408,324
3,0,409,323
3,0,410,322
3,0,410,321
3,0,411,320
3,0,412,319
3,0,413,318
3,0,414,317
3,0,414,316
3,0,415,315
3,0,416,314
3,0,417,313
3,0,417,312
3,0,418,311
3,0,419,310
3,0,420,309
3,0,420,308
3,0,421,307
3,0,422,306
3,0,422,305
3,0,423,304
3,0,424,303
3,0,424,302
3,0,425,301
3,0,425,300
3,0,426,299
3,0,426,298
3,0,427,297
3,0,427,296
3,0,428,295
3,0,428,294
3,0,429,293
3,0,429,292
3,0,430,291
3,0,430,290
3,0,431,289
3,0,431,288
3,0,432,287
3,0,433,286
3,0,433,285
3,0,433,284
3,0,433,283
3,0,434,282
3,0,434,281
3,0,434,280
3,0,435,279
3,0,435,278
3,0,436,277
3,0,436,276
3,0,436,275
3,0,437,274
3,0,437,273
3,0,437,272
3,0,438,271
3,0,438,270
3,0,438,269
3,0,438,268
3,0,439,267
3,0,439,266
3,0,439,265
3,0,439,264
3,0,440,263
3,0,440,262
3,0,440,261
3,0,440,260
3,0,440,259
3,0,441,258
3,0,441,257
3,0,441,256
3,0,441,255
3,0,441,254
3,0,442,253
3,0,442,252
3,0,442,251
3,0,442,250
3,0,442,249
3,0,442,248
3,0,442,247
3,0,442,246
3,0,442,245
3,0,443,244
3,0,443,243
3,0,443,242
3,0,443,241
3,0,443,240
3,0,443,239
3,0,443,238
3,0,443,237
3,0,443,236
3,0,443,235
3,0,443,234
3,0,443,233
3,0,443,232
3,0,443,231
3,0,443,230
3,0,443,229
3,0,443,228
3,0,443,227
3,0,443,226
3,0,443,225
3,0,443,224
3,0,443,223
3,0,443,222
3,0,443,221
3,0,443,220
3,0,443,219
3,0,443,218
3,0,443,217
3,0,442,216
3,0,442,215
3,0,442,214
3,0,442,213
3,0,442,212
3,0,442,211
3,0,442,210
3,0,442,209
3,0,441,208
3,0,441,207
3,0,441,206
3,0,441,205
3,0,441,204
3,0,440,203
3,0,440,202
3,0,440,201
3,0,440,200
3,0,439,199
3,0,439,198
3,0,439,197
3,0,438,196
3,0,438,195
3,0,438,194
3,0,437,193
3,0,437,192
3,0,437,191
3,0,436,190
3,0,436,189
3,0,435,188
3,0,435,187
3,0,435,186
3,0,435,185
3,0,434,184
3,0,433,183
3,0,433,182
3,0,432,181
3,0,432,180
3,0,431,179
3,0,431,178
3,0,430,177
3,0,430,176
3,0,429,175
3,0,429,174
3,0,428,173
3,0,427,172
3,0,427,171
3,0,426,170
3,0,425,169
3,0,425,168
3,0,424,167
3,0,423,166
3,0,422,165
3,0,422,164
3,0,421,163
3,0,420,162
3,0,419,161
3,0,418,160
3,0,417,159
3,0,417,158
3,0,416,157
3,0,415,156
3,0,414,155
3,0,413,155
3,0,412,154
3,0,411,153
3,0,410,152
3,0,409,151
3,0,408,150
3,0,407,150
3,0,406,149
3,0,405,148
3,0,404,147
3,0,403,147
3,0,402,146
3,0,401,145
3,0,400,145
3,0,399,144
3,0,398,143
3,0,397,143
3,0,396,142
3,0,395,142
3,0,394,141
3,0,393,141
3,0,392,140
3,0,391,140
3,0,390,139
3,0,389,139
3,0,388,138
3,0,387,137
3,0,386,137
3,0,385,137
3,0,384,136
3,0,383,136
3,0,382,136
3,0,381,135
3,0,380,135
3,0,379,134
3,0,378,134
3,0,377,134
3,0,376,133
3,0,375,133
3,0,374,133
3,0,373,133
3,0,372,132
3,0,371,132
3,0,370,132
3,0,369,132
3,0,368,131
3,0,367,131
3,0,366,131
3,0,365,131
3,0,364,131
3,0,363,130
3,0,362,130
3,0,361,130
3,0,360,130
3,0,359,130
3,0,358,130
3,0,357,130
3,0,356,129
3,0,355,129
3,0,354,129
3,0,353,129
3,0,352,129
3,0,351,129
3,0,350,129
3,0,349,129
3,0,348,129
3,0,347,129
3,0,346,129
3,0,345,129
3,0,344,129
4,0,342,130
4,0,343,129
4,0,344,129
4,0,345,129
4,0,346,129
4,0,347,129
4,0,348,129
4,0,349,129
4,0,350,129
4,0,351,129
4,0,352,129
4,0,353,129
4,0,354,129
4,0,355,129
4,0,356,129
4,0,357,130
4,0,358,130
4,0,359,130
4,0,360,130
4,0,361,130
4,0,362,130
4,0,363,130
4,0,364,131
4,0,365,131
4,0,366,131
4,0,367,131
4,0,368,131
4,0,369,132
4,0,370,132
4,0,371,132
4,0,372,132
4,0,373,133
4,0,374,133
4,0,375,133
4,0,376,133
4,0,377,134
4,0,378,134
4,0,379,134
4,0,380,135
4,0,381,135
4,0,382,136
4,0,383,136
4,0,384,136
4,0,385,137
4,0,386,137
4,0,387,138
4,0,388,138
4,0,389,139
4,0,390,139
4,0,391,140
4,0,392,140
4,0,393,141
4,0,394,142
4,0,395,142
4,0,396,143
4,0,397,143
4,0,398,144
4,0,399,145
4,0,400,145
4,0,401,146
4,0,402,146
4,0,403,147
4,0,404,148
4,0,405,149
4,0,406,149
4,0,407,150
4,0,408,151
4,0,409,152
4,0,410,153
4,0,411,154
4,0,412,154
4,0,413,155
4,0,414,156
4,0,415,157
4,0,416,158
4,0,417,159
4,0,418,160
4,0,418,161
4,0,419,162
4,0,420,163
4,0,421,164
4,0,422,165
4,0,423,166
4,0,423,167
4,0,424,168
4,0,425,169
4,0,426,170
4,0,426,171
4,0,427,172
4,0,428,173
4,0,428,174
4,0,429,175
4,0,429,176
4,0,430,177
4,0,431,178
4,0,431,179
4,0,432,180
4,0,432,181
4,0,433,182
4,0,433,183
4,0,434,184
4,0,434,185
4,0,435,186
4,0,435,187
4,0,435,188
4,0,436,189
4,0,436,190
4,0,437,191
4,0,437,192
4,0,437,193
4,0,438,194
4,0,438,195
4,0,438,196
4,0,439,197
4,0,439,198
4,0,439,199
4,0,440,200
4,0,440,201
4,0,440,202
4,0,440,203
4,0,441,204
4,0,441,205
4,0,441,206
4,0,441,207
4,0,441,208
4,0,442,209
4,0,442,210
4,0,442,211
4,0,442,212
4,0,442,213
4,0,442,214
4,0,442,215
4,0,442,216
4,0,443,217
4,0,443,218
4,0,443,219
4,0,443,220
4,0,443,221
4,0,443,222
4,0,443,223
4,0,443,224
4,0,443,225
4,0,443,226
4,0,443,227
4,0,443,228
4,0,443,229
4,0,443,230
4,0,443,231
4,0,443,232
4,0,443,233
4,0,443,234
4,0,443,235
4,0,443,236
4,0,443,237
4,0,443,238
4,0,443,239
4,0,443,240
4,0,443,241
4,0,443,242
4,0,443,243
4,0,443,244
4,0,442,245
4,0,442,246
4,0,442,247
4,0,442,248
4,0,442,249
4,0,442,250
4,0,442,251
4,0,442,252
4,0,442,253
4,0,441,254
4,0,441,255
4,0,441,256
4,0,441,257
4,0,441,258
4,0,440,259
4,0,440,260
4,0,440,261
4,0,440,262
4,0,440,263
4,0,439,264
4,0,439,265
4,0,439,266
4,0,439,267
4,0,438,268
4,0,438,269
4,0,438,270
4,0,438,271
4,0,437,272
4,0,437,273
4,0,437,274
4,0,436,275
4,0,436,276
4,0,436,277
4,0,435,278
4,0,435,279
4,0,434,280
4,0,434,281
4,0,434,282
4,0,433,283
4,0,433,284
4,0,433,285
4,0,432,286
4,0,432,287
4,0,431,288
4,0,431,289
4,0,430,290
4,0,430,291
4,0,429,292
4,0,429,293
4,0,428,294
4,0,428,295
4,0,427,296
4,0,427,297
4,0,426,298
4,0,425,299
4,0,425,300
4,0,424,301
4,0,424,302
4,0,423,303
4,0,422,304
4,0,422,305
4,0,421,306
4,0,421,307
4,0,420,308
4,0,419,309
4,0,418,310
4,0,418,311
4,0,417,312
4,0,416,313
4,0,415,314
4,0,415,315
4,0,414,316
4,0,413,317
4,0,412,318
4,0,411,319
4,0,411,320
4,0,410,321
4,0,409,322
4,0,408,323
4,0,407,324
4,0,406,325
4,0,405,326
4,0,404,327
4,0,403,328
4,0,402,329
4,0,401,330
4,0,400,331
4,0,399,332
4,0,398,333
4,0,397,334
4,0,396,335
4,0,395,336
4,0,394,336
4,0,393,337
4,0,392,338
4,0,391,339
4,0,390,340
4,0,389,341
4,0,388,341
4,0,387,342
4,0,386,343
4,0,385,344
4,0,384,344
4,0,383,345
4,0,382,346
4,0,381,347
4,0,380,347
4,0,379,348
4,0,378,349
4,0,377,349
4,0,376,350
4,0,375,350
4,0,374,351
4,0,373,352
4,0,372,352
4,0,371,353
4,0,370,353
4,0,369,354
4,0,368,354
4,0,367,355
4,0,366,355
4,0,365,356
4,0,364,356
4,0,363,357
4,0,362,357
4,0,361,357
4,0,360,358
4,0,359,358
4,0,358,358
4,0,357,359
4,0,356,359
4,0,355,359
4,0,354,360
4,0,353,360
4,0,352,360
4,0,351,361
4,0,350,361
4,0,349,361
4,0,348,362
4,0,347,362
4,0,346,362
4,0,345,362
4,0,344,362
4,0,343,363
4,0,342,363
4,0,341,363
4,0,340,363
4,0,339,363
4,0,338,363
4,0,337,363
4,0,336,363
4,0,335,363
4,0,334,364
4,0,333,364
4,0,332,364
4,0,331,364
4,0,330,364
4,0,329,364
4,0,328,364
4,0,327,364
4,0,326,364
4,0,325,364
4,0,324,364
4,0,323,364
4,0,322,364
4,0,321,364
4,0,320,364
4,0,319,364
4,0,318,363
4,0,317,363
4,0,316,363
4,0,315,363
4,0,314,363
4,0,313,363
4,0,312,363
4,0,311,363
4,0,310,363
4,0,309,362
4,0,308,362
4,0,307,362
4,0,306,362
4,0,305,362
4,0,304,361
4,0,303,361
4,0,302,361
4,0,301,361
4,0,300,360
4,0,299,360
4,0,298,360
4,0,297,359
4,0,296,359
4,0,295,359
4,0,294,358
4,0,293,358
4,0,292,358
4,0,291,357
4,0,290,357
4,0,289,357
4,0,288,356
4,0,287,356
4,0,286,355
4,0,285,355
4,0,284,355
4,0,283,354
4,0,282,354
4,0,281,353
4,0,280,353
4,0,279,352
4,0,278,352
4,0,277,351
4,0,276,350
4,0,275,350
4,0,274,349
4,0,273,349
4,0,272,348
4,0,271,347
4,0,270,347
4,0,269,346
4,0,268,346
4,0,267,345
4,0,266,344
4,0,265,343
4,0,264,343
4,0,263,342
4,0,262,341
4,0,261,340
4,0,260,339
4,0,259,339
4,0,258,338
4,0,257,337
4,0,256,336
4,0,255,335
4,0,254,334
4,0,253,333
4,0,252,332
4,0,251,331
4,0,250,330
4,0,249,329
4,0,248,328
4,0,247,327
4,0,246,326
4,0,246,325
4,0,245,324
4,0,244,323
4,0,243,322
4,0,242,321
4,0,242,320
4,0,241,319
4,0,240,318
4,0,240,317
4,0,239,316
4,0,238,315
4,0,238,314
4,0,237,313
4,0,237,312
4,0,236,311
4,0,235,310
4,0,235,309
4,0,234,308
4,0,234,307
4,0,233,306
4,0,233,305
4,0,232,304
4,0,232,303
4,0,231,302
4,0,231,301
4,0,230,300
4,0,230,299
4,0,229,298
4,0,229,297
4,0,229,296
4,0,228,295
4,0,228,294
4,0,227,293
4,0,227,292
4,0,227,291
4,0,227,290
4,0,226,289
4,0,226,288
4,0,226,287
4,0,225,286
4,0,225,285
4,0,225,284
4,0,225,283
4,0,224,282
4,0,224,281
4,0,224,280
4,0,224,279
4,0,224,278
4,0,224,277
4,0,223,276
4,0,223,275
4,0,223,274
4,0,223,273
4,0,223,272
4,0,223,271
4,0,222,270
4,0,222,269
4,0,222,268
4,0,222,267
4,0,222,266
4,0,222,265
4,0,222,264
4,0,222,263
4,0,222,262
4,0,221,261
4,0,221,260
4,0,221,259
4,0,221,258
4,0,221,257
4,0,221,256
4,0,221,255
4,0,221,254
4,0,221,253
4,0,221,252
4,0,222,251
4,0,222,250
4,0,222,249
4,0,222,248
4,0,222,247
4,0,222,246
4,0,222,245
4,0,222,244
4,0,222,243
4,0,222,242
4,0,223,241
4,0,223,240
4,0,223,239
4,0,223,238
4,0,223,237
4,0,223,236
4,0,223,235
4,0,224,234
4,0,224,233
4,0,224,232
4,0,224,231
4,0,224,230
4,0,225,229
4,0,225,228
4,0,225,227
4,0,225,226
4,0,225,225
4,0,226,224
4,0,226,223
4,0,226,222
4,0,226,221
4,0,227,220
4,0,227,219
4,0,227,218
4,0,228,217
4,0,228,216
4,0,228,215
4,0,229,214
4,0,229,213
4,0,229,212
4,0,230,211
4,0,230,210
4,0,230,209
4,0,231,208
4,0,231,207
4,0,232,206
4,0,232,205
4,0,233,204
4,0,233,203
4,0,234,202
4,0,234,201
4,0,235,200
4,0,235,199
4,0,236,198
4,0,236,197
4,0,237,196
4,0,237,195
4,0,238,194
4,0,239,193
4,0,239,192
4,0,240,191
4,0,240,190
4,0,241,189
4,0,242,188
4,0,242,187
4,0,243,186
4,0,244,185
4,0,244,184
4,0,245,183
4,0,246,182
4,0,247,181
4,0,247,180
4,0,248,179
4,0,249,178
4,0,250,177
4,0,251,176
4,0,252,175
4,0,253,174
4,0,254,173
4,0,254,172
4,0,255,171
4,0,256,170
4,0,257,169
4,0,258,168
4,0,259,167
4,0,260,166
4,0,261,166
4,0,262,165
4,0,263,164
4,0,264,163
4,0,265,162
4,0,266,161
4,0,267,160
4,0,268,159
4,0,269,159
4,0,270,158
4,0,271,157
4,0,272,156
4,0,273,156
4,0,274,155
4,0,275,154
4,0,276,153
4,0,277,153
4,0,278,152
4,0,279,151
4,0,280,151
4,0,281,150
4,0,282,150
4,0,283,149
4,0,284,148
4,0,285,148
4,0,286,147
4,0,287,147
4,0,288,146
4,0,289,145
4,0,290,145
4,0,291,144
4,0,292,144
4,0,293,143
4,0,294,143
4,0,295,142
4,0,296,142
4,0,297,141
4,0,298,141
4,0,299,140
4,0,300,140
4,0,301,139
4,0,302,139
4,0,303,139
4,0,304,138
4,0,305,138
4,0,306,137
4,0,307,137
4,0,308,137
4,0,309,136
4,0,310,136
4,0,311,136
4,0,312,136
4,0,313,135
4,0,314,135
4,0,315,135
4,0,316,134
4,0,317,134
4,0,318,134
4,0,319,134
4,0,320,133
4,0,321,133
4,0,322,133
4,0,323,133
4,0,324,132
4,0,325,132
4,0,326,132
4,0,327,132
4,0,328,132
4,0,329,132
4,0,330,131
4,0,331,131
4,0,332,131
4,0,333,131
4,0,334,131
4,0,335,131
4,0,336,130
4,0,337,130
4,0,338,130
4,0,339,130
4,0,340,130
4,0,341,130
